"chargeback_id","payment_id","reason","chargeback_amount","currency","chargeback_status","opened_at"
"1","220664","unauthorized","86.8","USD","won","2026-08-12T03:40:46.3983416+00:00"
"2","208109","unauthorized","65.46","COP","open","2026-07-10T07:18:46.3983416+00:00"
"3","244642","duplicate","32.42","USD","lost","2026-08-14T15:15:46.3983416+00:00"
"4","233160","duplicate","86.55","USD","won","2026-07-18T11:33:46.3983416+00:00"
"5","242919","unauthorized","133.44","COP","lost","2026-08-12T04:21:46.3983416+00:00"
"6","210609","duplicate","127.83","USD","lost","2026-08-05T03:06:46.3983416+00:00"
"7","202825","service_not_received","79.12","COP","open","2026-07-28T12:22:46.3983416+00:00"
"8","243321","service_not_received","39.03","USD","won","2026-07-19T18:52:46.3983416+00:00"
"9","148095","unauthorized","131.72","USD","lost","2026-07-11T11:18:46.3983416+00:00"
"10","196456","duplicate","49.7","MXN","open","2026-06-26T14:28:46.3983416+00:00"
"11","207028","service_not_received","36.7","USD","open","2026-07-23T02:33:46.3983416+00:00"
"12","172727","fraud","109.55","USD","lost","2026-07-22T09:49:46.3983416+00:00"
"13","141515","service_not_received","81.55","USD","won","2026-07-28T10:00:46.3983416+00:00"
"14","100244","service_not_received","146.08","MXN","open","2026-07-06T03:05:46.3983416+00:00"
"15","145279","service_not_received","35.37","USD","open","2026-06-30T10:01:46.3983416+00:00"
"16","57534","duplicate","79.52","COP","lost","2026-08-11T16:50:46.3983416+00:00"
"17","32271","unauthorized","124.74","COP","won","2026-08-17T08:42:46.3983416+00:00"
"18","56099","fraud","98.5","MXN","won","2026-06-25T02:12:46.3983416+00:00"
"19","136668","service_not_received","71.95","MXN","open","2026-08-07T14:26:46.3983416+00:00"
"20","72830","duplicate","121.83","USD","lost","2026-07-14T10:53:46.3983416+00:00"
"21","170628","service_not_received","82.83","USD","lost","2026-06-27T22:37:46.3983416+00:00"
"22","53832","unauthorized","125.07","USD","open","2026-06-25T23:50:46.3983416+00:00"
"23","177243","service_not_received","24.86","USD","won","2026-07-12T14:14:46.3983416+00:00"
"24","228296","fraud","62.7","COP","open","2026-08-06T01:32:46.3983416+00:00"
"25","207802","duplicate","105.44","COP","won","2026-07-22T14:28:46.3983416+00:00"
"26","230321","unauthorized","23.71","MXN","won","2026-06-30T02:45:46.3983416+00:00"
"27","179002","duplicate","61.92","USD","won","2026-06-23T02:06:46.3983416+00:00"
"28","144135","service_not_received","29.96","COP","won","2026-07-05T08:10:46.3983416+00:00"
"29","38430","fraud","62.07","COP","open","2026-06-28T17:55:46.3983416+00:00"
"30","129616","duplicate","58.72","COP","won","2026-07-16T03:05:46.3983416+00:00"
"31","137844","unauthorized","43.2","COP","lost","2026-08-01T11:16:46.3983416+00:00"
"32","189532","service_not_received","41.3","COP","open","2026-08-06T10:59:46.3983416+00:00"
"33","151643","fraud","55.11","USD","won","2026-07-06T11:17:46.3983416+00:00"
"34","130436","fraud","117.91","USD","won","2026-06-28T03:09:46.3983416+00:00"
"35","11916","fraud","43.61","MXN","won","2026-07-16T12:18:46.3983416+00:00"
"36","7918","duplicate","13.94","MXN","won","2026-08-06T17:52:46.3983416+00:00"
"37","55167","fraud","25.18","MXN","open","2026-07-27T00:20:46.3983416+00:00"
"38","196794","duplicate","38.38","COP","won","2026-08-10T08:16:46.3983416+00:00"
"39","19795","fraud","108.41","USD","lost","2026-07-04T00:07:46.3983416+00:00"
"40","245345","duplicate","25.18","COP","won","2026-07-11T09:50:46.3983416+00:00"
"41","53292","duplicate","119.58","MXN","lost","2026-08-06T21:30:46.3983416+00:00"
"42","111046","duplicate","103.37","USD","open","2026-07-21T08:17:46.3983416+00:00"
"43","42509","fraud","74.49","MXN","won","2026-07-06T07:42:46.3983416+00:00"
"44","120022","fraud","59.75","COP","open","2026-07-07T12:01:46.3983416+00:00"
"45","26213","unauthorized","72.53","USD","won","2026-06-23T12:17:46.3983416+00:00"
"46","117612","fraud","115.83","MXN","open","2026-07-12T22:39:46.3983416+00:00"
"47","41344","duplicate","116.4","MXN","open","2026-06-22T19:41:46.3983416+00:00"
"48","37089","duplicate","135.23","MXN","lost","2026-08-17T06:25:46.3983416+00:00"
"49","67532","service_not_received","147.32","MXN","open","2026-08-02T03:56:46.3983416+00:00"
"50","835","service_not_received","131.69","MXN","lost","2026-07-01T07:18:46.3983416+00:00"
"51","93719","unauthorized","87.38","COP","lost","2026-07-08T17:00:46.3983416+00:00"
"52","16384","unauthorized","134.11","USD","open","2026-07-18T14:44:46.3983416+00:00"
"53","160859","fraud","41.28","MXN","won","2026-08-02T04:17:46.3983416+00:00"
"54","189608","service_not_received","75.83","MXN","open","2026-07-25T03:50:46.3983416+00:00"
"55","239393","fraud","42.61","COP","won","2026-07-23T20:34:46.3983416+00:00"
"56","143091","unauthorized","56.93","USD","won","2026-07-22T11:41:46.3983416+00:00"
"57","135016","duplicate","119.11","COP","won","2026-06-30T11:05:46.3983416+00:00"
"58","96254","service_not_received","37.71","MXN","open","2026-07-26T13:30:46.3983416+00:00"
"59","117839","service_not_received","16.3","USD","open","2026-08-12T17:56:46.3983416+00:00"
"60","57291","service_not_received","145.82","COP","lost","2026-07-22T04:52:46.3983416+00:00"
"61","95405","fraud","9.47","MXN","won","2026-07-15T22:02:46.3983416+00:00"
"62","205087","fraud","86.42","COP","open","2026-07-26T06:59:46.3983416+00:00"
"63","179330","service_not_received","85.76","COP","won","2026-08-10T11:44:46.3983416+00:00"
"64","123234","service_not_received","108.14","COP","lost","2026-07-26T12:14:46.3983416+00:00"
"65","53970","unauthorized","6.24","USD","won","2026-07-21T15:16:46.3983416+00:00"
"66","197722","unauthorized","32.94","USD","won","2026-08-09T15:20:46.3983416+00:00"
"67","62129","unauthorized","20.38","USD","lost","2026-07-11T18:56:46.3983416+00:00"
"68","204322","service_not_received","23.43","USD","lost","2026-06-28T09:44:46.3983416+00:00"
"69","8156","service_not_received","87.11","USD","won","2026-08-04T20:55:46.3983416+00:00"
"70","167464","service_not_received","12.31","MXN","lost","2026-08-12T18:50:46.3983416+00:00"
"71","138388","unauthorized","100.88","USD","open","2026-06-25T15:35:46.3983416+00:00"
"72","11067","unauthorized","56.2","COP","won","2026-06-21T15:13:46.3983416+00:00"
"73","170997","unauthorized","13.9","COP","won","2026-07-05T06:09:46.3983416+00:00"
"74","246751","unauthorized","86.66","USD","won","2026-07-23T09:27:46.3983416+00:00"
"75","181627","unauthorized","77.44","COP","open","2026-08-07T13:02:46.3983416+00:00"
"76","154764","unauthorized","36.64","MXN","lost","2026-08-16T18:28:46.3983416+00:00"
"77","155342","fraud","114.92","USD","open","2026-06-21T22:22:46.3983416+00:00"
"78","117096","service_not_received","16.12","MXN","won","2026-07-02T16:34:46.3983416+00:00"
"79","128753","service_not_received","10.3","MXN","won","2026-08-14T22:41:46.3983416+00:00"
"80","158199","unauthorized","47.61","MXN","won","2026-07-01T12:13:46.3983416+00:00"
"81","245366","unauthorized","95.59","MXN","lost","2026-08-14T23:24:46.3983416+00:00"
"82","21900","service_not_received","77.93","MXN","open","2026-07-06T21:19:46.3983416+00:00"
"83","247459","service_not_received","19.99","USD","open","2026-07-30T10:36:46.3983416+00:00"
"84","94772","duplicate","86.3","USD","lost","2026-08-13T09:30:46.3983416+00:00"
"85","130461","fraud","68.85","MXN","open","2026-07-17T18:43:46.3983416+00:00"
"86","243436","duplicate","71.6","COP","won","2026-08-08T07:14:46.3983416+00:00"
"87","42663","duplicate","96.22","COP","lost","2026-06-25T17:31:46.3983416+00:00"
"88","165638","fraud","17.9","MXN","won","2026-07-16T13:10:46.3983416+00:00"
"89","108917","unauthorized","8.55","COP","open","2026-08-01T23:42:46.3983416+00:00"
"90","181856","service_not_received","43.97","COP","lost","2026-07-23T16:58:46.3983416+00:00"
"91","230992","service_not_received","140.17","USD","won","2026-07-28T16:31:46.3983416+00:00"
"92","50949","unauthorized","123.02","USD","won","2026-07-20T17:45:46.3983416+00:00"
"93","45251","duplicate","54.95","COP","open","2026-07-28T00:17:46.3983416+00:00"
"94","187330","fraud","31.43","USD","won","2026-08-07T21:56:46.3983416+00:00"
"95","19016","unauthorized","76.38","COP","won","2026-06-27T04:05:46.3983416+00:00"
"96","218228","duplicate","119.19","MXN","won","2026-07-13T15:55:46.3983416+00:00"
"97","182553","unauthorized","85.41","MXN","open","2026-08-03T15:36:46.3983416+00:00"
"98","248739","fraud","73.58","USD","open","2026-06-24T16:09:46.3983416+00:00"
"99","9109","service_not_received","5.41","MXN","lost","2026-08-15T21:51:46.4116276+00:00"
"100","237656","duplicate","128.51","COP","won","2026-08-09T07:02:46.4116276+00:00"
"101","35949","unauthorized","49.79","COP","won","2026-07-29T12:21:46.4116276+00:00"
"102","220086","unauthorized","131.95","MXN","won","2026-08-05T18:13:46.4116276+00:00"
"103","92004","unauthorized","68.56","COP","won","2026-07-21T09:29:46.4116276+00:00"
"104","20805","fraud","71.6","COP","won","2026-08-04T16:20:46.4116276+00:00"
"105","164851","duplicate","28","USD","won","2026-08-03T07:28:46.4116276+00:00"
"106","108721","fraud","100.3","USD","open","2026-08-06T18:25:46.4116276+00:00"
"107","88579","unauthorized","64.58","COP","lost","2026-07-20T03:30:46.4116276+00:00"
"108","170476","service_not_received","102.68","MXN","lost","2026-07-31T06:31:46.4140071+00:00"
"109","235981","fraud","138.02","USD","open","2026-07-09T09:03:46.4140071+00:00"
"110","103520","unauthorized","72.24","MXN","lost","2026-08-08T04:16:46.4140071+00:00"
"111","82772","service_not_received","72.87","MXN","lost","2026-08-08T14:00:46.4140071+00:00"
"112","207413","service_not_received","85.22","COP","won","2026-06-20T21:03:46.4140071+00:00"
"113","200968","fraud","21.73","USD","open","2026-06-27T23:29:46.4140071+00:00"
"114","143766","duplicate","60.23","COP","open","2026-08-13T20:40:46.4140071+00:00"
"115","38369","unauthorized","14.65","USD","lost","2026-06-26T20:24:46.4140071+00:00"
"116","240508","unauthorized","37.6","MXN","open","2026-07-29T03:43:46.4140071+00:00"
"117","240492","duplicate","94.55","COP","open","2026-07-29T01:41:46.4140071+00:00"
"118","12745","unauthorized","140.81","MXN","lost","2026-08-13T12:25:46.4140071+00:00"
"119","167682","fraud","124.6","COP","lost","2026-07-12T09:14:46.4140071+00:00"
"120","52918","duplicate","29.72","MXN","won","2026-08-12T02:56:46.4140071+00:00"
"121","197630","unauthorized","7.53","COP","won","2026-08-18T06:21:46.4140071+00:00"
"122","47227","service_not_received","21.79","USD","lost","2026-08-01T17:18:46.4140071+00:00"
"123","156998","duplicate","133.66","USD","won","2026-07-07T02:49:46.4140071+00:00"
"124","24710","service_not_received","91.68","COP","open","2026-08-14T19:13:46.4140071+00:00"
"125","56944","service_not_received","111.52","COP","open","2026-07-23T09:30:46.4140071+00:00"
"126","165394","fraud","93.51","USD","won","2026-08-07T16:14:46.4140071+00:00"
"127","105517","duplicate","135.3","USD","open","2026-07-20T00:05:46.4140071+00:00"
"128","97666","service_not_received","89.39","COP","won","2026-07-09T02:03:46.4140071+00:00"
"129","188745","fraud","126.92","USD","won","2026-08-15T21:59:46.4140071+00:00"
"130","55949","fraud","61.82","MXN","open","2026-08-04T20:15:46.4140071+00:00"
"131","177993","service_not_received","47.79","COP","open","2026-07-07T23:26:46.4140071+00:00"
"132","4064","service_not_received","75.37","MXN","lost","2026-07-21T10:11:46.4140071+00:00"
"133","101516","duplicate","85.13","USD","won","2026-07-05T06:48:46.4140071+00:00"
"134","140290","service_not_received","138.79","COP","open","2026-08-07T17:00:46.4140071+00:00"
"135","213266","service_not_received","15.02","COP","won","2026-07-03T18:06:46.4140071+00:00"
"136","119235","fraud","35.98","COP","won","2026-07-29T08:25:46.4140071+00:00"
"137","2212","duplicate","18.98","MXN","lost","2026-07-20T02:12:46.4140071+00:00"
"138","71516","unauthorized","48.81","MXN","lost","2026-07-07T01:20:46.4140071+00:00"
"139","172857","duplicate","86.15","USD","won","2026-07-22T02:30:46.4140071+00:00"
"140","139461","duplicate","128.36","USD","won","2026-07-19T21:57:46.4140071+00:00"
"141","100338","fraud","147.64","COP","open","2026-07-29T04:48:46.4140071+00:00"
"142","25125","fraud","72.88","MXN","won","2026-07-21T08:24:46.4140071+00:00"
"143","128147","duplicate","33.39","USD","lost","2026-08-12T08:37:46.4140071+00:00"
"144","209738","duplicate","12.49","USD","won","2026-07-30T05:22:46.4140071+00:00"
"145","40358","fraud","13.28","MXN","lost","2026-06-24T22:50:46.4140071+00:00"
"146","215335","fraud","18.86","USD","open","2026-08-12T12:05:46.4140071+00:00"
"147","49365","fraud","108.35","USD","open","2026-07-18T05:53:46.4140071+00:00"
"148","213195","duplicate","129.24","MXN","open","2026-08-02T23:24:46.4195541+00:00"
"149","171425","service_not_received","47.58","MXN","won","2026-07-08T15:33:46.4195541+00:00"
"150","166903","unauthorized","61.16","MXN","open","2026-08-18T03:27:46.4195541+00:00"
"151","61716","unauthorized","149.48","MXN","won","2026-08-03T04:32:46.4195541+00:00"
"152","164010","unauthorized","111.7","USD","open","2026-08-15T15:34:46.4195541+00:00"
"153","125549","duplicate","94.74","USD","lost","2026-06-30T00:40:46.4195541+00:00"
"154","12348","fraud","74.37","MXN","open","2026-06-29T09:20:46.4195541+00:00"
"155","229846","fraud","63.83","MXN","open","2026-08-11T12:45:46.4195541+00:00"
"156","46265","service_not_received","108.02","MXN","lost","2026-07-04T02:34:46.4195541+00:00"
"157","209794","unauthorized","16.17","COP","won","2026-08-06T18:45:46.4195541+00:00"
"158","79590","service_not_received","79.49","MXN","lost","2026-08-16T04:21:46.4195541+00:00"
"159","129767","unauthorized","57.23","COP","won","2026-07-08T08:48:46.4195541+00:00"
"160","52685","fraud","25.82","USD","open","2026-08-19T03:52:46.4195541+00:00"
"161","141040","unauthorized","91.46","MXN","lost","2026-07-16T05:26:46.4195541+00:00"
"162","64871","unauthorized","7.27","COP","won","2026-07-13T02:02:46.4195541+00:00"
"163","42009","unauthorized","23.53","USD","won","2026-07-11T18:01:46.4195541+00:00"
"164","124137","service_not_received","73.97","USD","open","2026-07-07T08:51:46.4195541+00:00"
"165","244477","fraud","143.44","COP","won","2026-08-10T15:13:46.4195541+00:00"
"166","120687","service_not_received","99.57","COP","lost","2026-07-17T22:33:46.4195541+00:00"
"167","149890","fraud","5.39","USD","lost","2026-07-21T18:14:46.4215654+00:00"
"168","238000","duplicate","127.13","USD","open","2026-08-06T00:37:46.4215654+00:00"
"169","174293","service_not_received","120.82","MXN","won","2026-07-08T00:09:46.4215654+00:00"
"170","218556","fraud","88.9","COP","lost","2026-08-04T04:11:46.4215654+00:00"
"171","245539","unauthorized","91.32","USD","lost","2026-08-15T05:39:46.4215654+00:00"
"172","81383","fraud","144.79","USD","open","2026-06-20T19:54:46.4215654+00:00"
"173","244996","fraud","146.79","COP","lost","2026-07-30T17:15:46.4215654+00:00"
"174","86662","unauthorized","54.56","COP","lost","2026-08-10T17:28:46.4215654+00:00"
"175","243457","unauthorized","15.99","USD","won","2026-07-12T19:32:46.4215654+00:00"
"176","69102","duplicate","16.68","MXN","lost","2026-07-09T23:15:46.4215654+00:00"
"177","81267","duplicate","117.4","COP","open","2026-07-20T10:30:46.4215654+00:00"
"178","231200","service_not_received","105.84","COP","lost","2026-07-06T00:58:46.4215654+00:00"
"179","20124","duplicate","10.62","MXN","lost","2026-07-12T01:48:46.4215654+00:00"
"180","66948","duplicate","105.45","MXN","open","2026-07-31T11:28:46.4215654+00:00"
"181","71265","duplicate","59.59","MXN","won","2026-08-15T05:41:46.4215654+00:00"
"182","159250","duplicate","47.99","COP","lost","2026-08-11T18:37:46.4215654+00:00"
"183","163869","unauthorized","84.34","MXN","won","2026-08-03T15:28:46.4215654+00:00"
"184","176405","duplicate","93.49","COP","lost","2026-07-02T06:33:46.4215654+00:00"
"185","128800","fraud","68.28","USD","won","2026-08-14T21:09:46.4215654+00:00"
"186","212015","service_not_received","120.96","MXN","won","2026-07-09T06:00:46.4215654+00:00"
"187","118623","fraud","119.56","MXN","lost","2026-07-07T15:08:46.4235739+00:00"
"188","109295","service_not_received","128.87","COP","won","2026-07-20T00:19:46.4235739+00:00"
"189","3539","service_not_received","67.15","COP","lost","2026-07-15T11:34:46.4235739+00:00"
"190","18998","service_not_received","94.15","USD","won","2026-07-18T08:08:46.4235739+00:00"
"191","244543","duplicate","69.47","COP","open","2026-08-15T20:21:46.4235739+00:00"
"192","232725","duplicate","129.39","COP","open","2026-06-27T02:49:46.4235739+00:00"
"193","228070","unauthorized","71.97","MXN","open","2026-07-19T04:16:46.4235739+00:00"
"194","236686","fraud","44.97","USD","open","2026-08-18T02:15:46.4235739+00:00"
"195","82009","unauthorized","146.02","COP","open","2026-06-19T19:12:46.4235739+00:00"
"196","215593","service_not_received","148.33","USD","lost","2026-07-18T07:57:46.4235739+00:00"
"197","244595","duplicate","24.61","MXN","open","2026-07-06T21:42:46.4235739+00:00"
"198","246451","service_not_received","109.55","COP","lost","2026-07-13T23:15:46.4235739+00:00"
"199","216456","unauthorized","54.17","MXN","lost","2026-07-17T08:14:46.4235739+00:00"
"200","27962","service_not_received","118.29","MXN","won","2026-08-07T12:45:46.4235739+00:00"
"201","208088","fraud","42.86","COP","lost","2026-08-16T19:33:46.4235739+00:00"
"202","10370","service_not_received","6.9","MXN","open","2026-08-17T11:53:46.4235739+00:00"
"203","229859","fraud","62.39","COP","open","2026-06-21T08:44:46.4235739+00:00"
"204","243666","fraud","63","MXN","lost","2026-08-09T17:23:46.4235739+00:00"
"205","101022","duplicate","145.05","COP","open","2026-06-27T15:20:46.4235739+00:00"
"206","26076","service_not_received","55.61","MXN","won","2026-07-02T01:05:46.4255824+00:00"
"207","81176","service_not_received","106.81","MXN","lost","2026-07-28T10:18:46.4255824+00:00"
"208","189442","unauthorized","129.05","COP","won","2026-08-01T23:17:46.4255824+00:00"
"209","144771","fraud","18.42","COP","open","2026-07-21T18:07:46.4255824+00:00"
"210","17497","service_not_received","103.36","MXN","won","2026-06-23T18:59:46.4255824+00:00"
"211","139522","duplicate","39.46","MXN","won","2026-07-20T17:08:46.4255824+00:00"
"212","19766","fraud","143.28","MXN","open","2026-07-30T11:20:46.4255824+00:00"
"213","9783","duplicate","121.84","USD","lost","2026-07-07T16:18:46.4255824+00:00"
"214","141879","service_not_received","59.36","USD","lost","2026-07-04T10:20:46.4255824+00:00"
"215","240499","service_not_received","22.45","USD","open","2026-08-03T06:04:46.4255824+00:00"
"216","69608","fraud","133.3","COP","won","2026-07-23T15:25:46.4255824+00:00"
"217","96111","unauthorized","67.12","USD","open","2026-07-16T04:17:46.4255824+00:00"
"218","86140","duplicate","128.84","COP","open","2026-07-07T07:50:46.4255824+00:00"
"219","223706","fraud","81.55","MXN","open","2026-06-26T21:23:46.4255824+00:00"
"220","11969","service_not_received","8.94","MXN","lost","2026-08-18T08:03:46.4255824+00:00"
"221","158808","service_not_received","129.79","COP","open","2026-08-15T22:46:46.4255824+00:00"
"222","50155","duplicate","144.58","MXN","won","2026-07-12T16:36:46.4255824+00:00"
"223","180615","service_not_received","15.09","MXN","lost","2026-07-09T03:39:46.4255824+00:00"
"224","19199","service_not_received","21.69","MXN","won","2026-06-30T14:50:46.4255824+00:00"
"225","9046","service_not_received","28.98","MXN","lost","2026-07-19T16:19:46.4255824+00:00"
"226","102515","fraud","25.76","COP","lost","2026-08-12T07:44:46.4255824+00:00"
"227","183839","duplicate","138.4","USD","lost","2026-06-22T11:12:46.4255824+00:00"
"228","30127","duplicate","115.39","COP","lost","2026-07-31T19:47:46.4273326+00:00"
"229","47689","service_not_received","96","COP","won","2026-07-19T22:56:46.4273326+00:00"
"230","143008","fraud","147.34","COP","won","2026-07-16T01:12:46.4273326+00:00"
"231","71166","service_not_received","102.23","USD","lost","2026-06-30T08:04:46.4273326+00:00"
"232","136917","fraud","56.03","MXN","lost","2026-07-30T19:03:46.4273326+00:00"
"233","73237","unauthorized","116.86","USD","won","2026-07-07T16:56:46.4281468+00:00"
"234","188480","service_not_received","102.13","COP","lost","2026-07-26T05:36:46.4281468+00:00"
"235","191096","unauthorized","61.94","USD","won","2026-07-04T05:47:46.4281468+00:00"
"236","68948","service_not_received","22.75","USD","open","2026-08-07T04:54:46.4281468+00:00"
"237","83671","unauthorized","76.53","COP","lost","2026-07-31T04:34:46.4281468+00:00"
"238","178766","duplicate","52.49","USD","open","2026-07-11T14:01:46.4281468+00:00"
"239","197597","unauthorized","111.6","COP","lost","2026-07-11T04:38:46.4281468+00:00"
"240","80560","duplicate","149.71","COP","won","2026-07-06T14:37:46.4281468+00:00"
"241","53463","duplicate","61.31","USD","lost","2026-07-09T21:43:46.4281468+00:00"
"242","81376","unauthorized","83.13","USD","won","2026-08-05T10:32:46.4281468+00:00"
"243","107542","unauthorized","70.96","MXN","won","2026-07-17T07:28:46.4281468+00:00"
"244","102135","unauthorized","68.53","MXN","open","2026-07-18T15:10:46.4281468+00:00"
"245","91805","unauthorized","5.29","COP","open","2026-08-18T11:02:46.4281468+00:00"
"246","3019","duplicate","93.96","USD","open","2026-08-03T14:04:46.4281468+00:00"
"247","45074","duplicate","79.5","MXN","open","2026-07-07T14:29:46.4281468+00:00"
"248","19022","service_not_received","104.26","COP","open","2026-07-27T12:22:46.4281468+00:00"
"249","198286","service_not_received","124.84","MXN","open","2026-07-21T06:45:46.4281468+00:00"
"250","187010","duplicate","56.25","USD","lost","2026-08-06T02:02:46.4281468+00:00"
"251","217699","duplicate","34.73","COP","open","2026-07-24T22:30:46.4303051+00:00"
"252","178635","duplicate","100.98","MXN","won","2026-08-01T18:32:46.4303051+00:00"
"253","39431","unauthorized","51.84","MXN","won","2026-07-23T19:28:46.4303051+00:00"
"254","246928","fraud","127.88","COP","won","2026-06-26T22:18:46.4303051+00:00"
"255","27104","service_not_received","16.11","COP","open","2026-08-08T21:47:46.4303051+00:00"
"256","208912","fraud","141.01","COP","lost","2026-07-01T14:42:46.4303051+00:00"
"257","103170","service_not_received","9.34","USD","lost","2026-08-16T23:44:46.4303051+00:00"
"258","126347","service_not_received","144.97","COP","won","2026-07-04T08:20:46.4303051+00:00"
"259","148716","unauthorized","70.26","COP","open","2026-08-17T05:11:46.4303051+00:00"
"260","9844","unauthorized","108.99","USD","won","2026-06-22T18:59:46.4303051+00:00"
"261","7501","duplicate","82.76","MXN","lost","2026-07-11T17:05:46.4303051+00:00"
"262","216693","service_not_received","57.42","COP","open","2026-06-27T21:05:46.4303051+00:00"
"263","216281","fraud","49.69","USD","won","2026-08-02T09:47:46.4303051+00:00"
"264","74736","fraud","15.66","COP","open","2026-07-25T17:36:46.4303051+00:00"
"265","157466","unauthorized","132.96","USD","open","2026-07-08T16:11:46.4323255+00:00"
"266","211588","duplicate","138.08","MXN","lost","2026-07-03T21:59:46.4323255+00:00"
"267","34953","service_not_received","65.26","MXN","won","2026-06-27T20:25:46.4323255+00:00"
"268","31731","fraud","51.91","COP","won","2026-08-18T21:42:46.4323255+00:00"
"269","179787","unauthorized","12.17","MXN","lost","2026-07-12T19:58:46.4323255+00:00"
"270","30825","duplicate","29.42","COP","won","2026-07-07T23:37:46.4323255+00:00"
"271","69622","unauthorized","122.49","COP","lost","2026-07-17T17:23:46.4323255+00:00"
"272","249401","fraud","13.56","USD","won","2026-08-09T05:19:46.4323255+00:00"
"273","155368","duplicate","127.06","COP","lost","2026-07-29T11:38:46.4323255+00:00"
"274","202226","fraud","44.81","USD","lost","2026-07-01T07:44:46.4323255+00:00"
"275","120209","unauthorized","81.04","MXN","open","2026-08-14T04:58:46.4323255+00:00"
"276","219682","duplicate","65.41","COP","won","2026-07-02T20:13:46.4323255+00:00"
"277","230028","duplicate","58.79","COP","lost","2026-06-30T19:14:46.4323255+00:00"
"278","177892","duplicate","129.85","COP","open","2026-07-12T14:58:46.4323255+00:00"
"279","193197","service_not_received","89.37","MXN","won","2026-07-04T00:37:46.4323255+00:00"
"280","245000","service_not_received","5.29","MXN","lost","2026-07-28T18:08:46.4323255+00:00"
"281","100867","duplicate","59.91","MXN","won","2026-07-23T02:29:46.4323255+00:00"
"282","235050","service_not_received","141.21","COP","open","2026-07-06T17:54:46.4323255+00:00"
"283","52236","fraud","15.05","COP","open","2026-08-04T10:00:46.4323255+00:00"
"284","173337","unauthorized","140.83","USD","lost","2026-07-24T16:48:46.4323255+00:00"
"285","83644","unauthorized","56.29","COP","open","2026-07-06T21:50:46.4344073+00:00"
"286","12557","unauthorized","97.45","USD","lost","2026-07-06T08:54:46.4344073+00:00"
"287","179382","service_not_received","36.05","COP","open","2026-08-17T20:00:46.4344073+00:00"
"288","9891","fraud","102.06","MXN","won","2026-07-27T19:38:46.4344073+00:00"
"289","154617","service_not_received","88.09","MXN","won","2026-08-19T15:40:46.4344073+00:00"
"290","117758","service_not_received","133.18","USD","won","2026-08-05T08:12:46.4344073+00:00"
"291","130756","service_not_received","75.2","USD","open","2026-08-03T13:51:46.4344073+00:00"
"292","247637","fraud","133.4","USD","open","2026-08-09T20:29:46.4344073+00:00"
"293","8939","fraud","67.93","USD","open","2026-06-24T18:27:46.4344073+00:00"
"294","184477","service_not_received","40.14","MXN","open","2026-07-17T03:21:46.4344073+00:00"
"295","225292","service_not_received","16.32","COP","lost","2026-07-01T08:49:46.4344073+00:00"
"296","121905","duplicate","63.76","USD","open","2026-06-20T05:50:46.4344073+00:00"
"297","235987","fraud","41.52","MXN","lost","2026-08-14T20:33:46.4354189+00:00"
"298","193998","unauthorized","51.2","MXN","open","2026-07-16T11:43:46.4354189+00:00"
"299","164587","fraud","22.14","MXN","open","2026-06-21T21:56:46.4354189+00:00"
"300","197742","fraud","116.02","COP","won","2026-07-06T01:25:46.4354189+00:00"
"301","64564","unauthorized","89.79","COP","open","2026-08-16T16:20:46.4354189+00:00"
"302","225267","duplicate","14.45","USD","won","2026-06-29T08:14:46.4354189+00:00"
"303","21923","unauthorized","78.32","USD","lost","2026-08-12T10:11:46.4354189+00:00"
"304","106718","fraud","107.63","COP","open","2026-06-25T14:07:46.4354189+00:00"
"305","48081","service_not_received","38.05","USD","lost","2026-08-05T12:33:46.4354189+00:00"
"306","21541","duplicate","67.86","MXN","lost","2026-07-09T22:12:46.4354189+00:00"
"307","191193","unauthorized","122.26","MXN","open","2026-07-16T19:01:46.4354189+00:00"
"308","170909","service_not_received","77.81","USD","won","2026-08-02T03:10:46.4354189+00:00"
"309","93734","fraud","138.86","COP","won","2026-08-05T17:19:46.4354189+00:00"
"310","205826","unauthorized","143.34","MXN","lost","2026-07-12T14:24:46.4354189+00:00"
"311","76373","unauthorized","143.28","MXN","open","2026-07-16T20:31:46.4354189+00:00"
"312","173643","fraud","65.75","MXN","lost","2026-06-27T09:21:46.4354189+00:00"
"313","191165","duplicate","38.32","COP","lost","2026-07-02T07:37:46.4354189+00:00"
"314","220184","unauthorized","109.76","MXN","won","2026-08-02T06:07:46.4354189+00:00"
"315","130730","service_not_received","144.53","MXN","open","2026-08-15T18:20:46.4354189+00:00"
"316","52715","duplicate","38.44","MXN","lost","2026-07-15T13:13:46.4354189+00:00"
"317","152454","fraud","123.69","USD","won","2026-08-07T15:39:46.4354189+00:00"
"318","101667","duplicate","90.36","USD","lost","2026-07-22T14:45:46.4374339+00:00"
"319","161601","duplicate","127.68","COP","lost","2026-07-08T04:27:46.4374339+00:00"
"320","137440","duplicate","101.29","MXN","won","2026-06-29T22:52:46.4374339+00:00"
"321","216088","unauthorized","110.68","MXN","won","2026-08-07T00:51:46.4374339+00:00"
"322","181758","duplicate","30.43","COP","won","2026-07-03T16:25:46.4374339+00:00"
"323","53855","unauthorized","131.07","MXN","lost","2026-08-13T15:15:46.4374339+00:00"
"324","166482","fraud","106.22","USD","won","2026-07-16T17:35:46.4374339+00:00"
"325","164893","duplicate","44.23","USD","lost","2026-07-12T17:43:46.4374339+00:00"
"326","183054","service_not_received","44.54","MXN","won","2026-07-16T10:22:46.4374339+00:00"
"327","102095","unauthorized","41.86","COP","lost","2026-07-31T02:24:46.4374339+00:00"
"328","183891","unauthorized","117.59","MXN","won","2026-07-11T21:59:46.4374339+00:00"
"329","130169","service_not_received","42.56","USD","won","2026-06-22T16:34:46.4374339+00:00"
"330","225443","duplicate","105.75","USD","lost","2026-07-15T07:03:46.4374339+00:00"
"331","216012","unauthorized","91.05","MXN","open","2026-08-08T01:49:46.4374339+00:00"
"332","185274","service_not_received","51.27","COP","lost","2026-07-15T18:04:46.4374339+00:00"
"333","189081","fraud","140.47","COP","open","2026-08-15T08:42:46.4374339+00:00"
"334","233981","service_not_received","126.59","MXN","won","2026-07-29T18:00:46.4374339+00:00"
"335","107174","service_not_received","77.78","MXN","open","2026-08-09T18:50:46.4394513+00:00"
"336","246068","unauthorized","67.37","COP","won","2026-08-15T21:49:46.4394513+00:00"
"337","118307","service_not_received","70.88","COP","won","2026-07-21T20:22:46.4394513+00:00"
"338","149606","fraud","103.51","MXN","won","2026-08-14T22:46:46.4394513+00:00"
"339","143262","fraud","77.4","USD","open","2026-07-29T14:34:46.4394513+00:00"
"340","50491","service_not_received","141.21","MXN","won","2026-07-29T19:17:46.4394513+00:00"
"341","224198","duplicate","14.66","USD","lost","2026-08-07T03:12:46.4394513+00:00"
"342","218383","service_not_received","149.5","COP","won","2026-08-03T16:15:46.4394513+00:00"
"343","51550","fraud","63.82","MXN","won","2026-07-14T10:02:46.4394513+00:00"
"344","137788","unauthorized","82.59","USD","won","2026-07-25T12:53:46.4394513+00:00"
"345","71011","unauthorized","112.21","COP","open","2026-07-08T03:47:46.4394513+00:00"
"346","165448","service_not_received","47.54","MXN","won","2026-08-11T13:13:46.4394513+00:00"
"347","160402","fraud","30.74","MXN","lost","2026-07-27T08:51:46.4394513+00:00"
"348","54212","unauthorized","73.68","USD","won","2026-07-22T05:42:46.4408726+00:00"
"349","140762","service_not_received","96.84","COP","won","2026-08-12T18:38:46.4408726+00:00"
"350","130514","fraud","120.28","USD","open","2026-06-23T21:44:46.4408726+00:00"
"351","184296","service_not_received","62.64","MXN","open","2026-07-18T07:16:46.4408726+00:00"
"352","124612","duplicate","98.13","USD","open","2026-07-20T22:58:46.4408726+00:00"
"353","24365","unauthorized","118.86","MXN","won","2026-07-23T05:38:46.4408726+00:00"
"354","32419","service_not_received","17.91","COP","won","2026-08-02T15:52:46.4408726+00:00"
"355","45696","fraud","47.77","USD","open","2026-06-23T11:08:46.4408726+00:00"
"356","94519","service_not_received","30.17","USD","won","2026-06-29T09:07:46.4408726+00:00"
"357","79184","service_not_received","140","MXN","open","2026-08-10T17:52:46.4408726+00:00"
"358","37983","unauthorized","58.02","MXN","won","2026-07-23T08:56:46.4408726+00:00"
"359","106904","duplicate","132.5","USD","open","2026-07-12T13:00:46.4408726+00:00"
"360","154150","unauthorized","41.58","COP","open","2026-07-29T14:52:46.4408726+00:00"
"361","89492","fraud","88.46","COP","won","2026-07-17T13:07:46.4408726+00:00"
"362","33625","fraud","138.96","USD","won","2026-07-11T02:14:46.4408726+00:00"
"363","107289","unauthorized","99.55","USD","lost","2026-08-10T19:29:46.4408726+00:00"
"364","117480","unauthorized","127.66","MXN","lost","2026-08-10T15:22:46.4408726+00:00"
"365","199462","fraud","36.93","MXN","lost","2026-07-30T19:16:46.4408726+00:00"
"366","55538","unauthorized","8.77","USD","lost","2026-06-24T02:11:46.4408726+00:00"
"367","45176","duplicate","53.43","USD","lost","2026-06-22T08:57:46.4408726+00:00"
"368","45737","unauthorized","80.8","MXN","lost","2026-07-05T11:11:46.4408726+00:00"
"369","247055","fraud","63.79","MXN","won","2026-08-09T15:03:46.4408726+00:00"
"370","21349","unauthorized","133.44","USD","open","2026-07-08T16:37:46.4408726+00:00"
"371","49713","unauthorized","35.15","MXN","lost","2026-07-08T13:19:46.4408726+00:00"
"372","185641","fraud","36.93","COP","lost","2026-08-01T11:41:46.4408726+00:00"
"373","165364","fraud","32.49","MXN","won","2026-08-15T03:09:46.4408726+00:00"
"374","71971","fraud","38.78","COP","open","2026-08-07T13:40:46.4408726+00:00"
"375","232674","unauthorized","59.18","COP","won","2026-07-13T12:52:46.4408726+00:00"
"376","8188","service_not_received","115.21","MXN","lost","2026-08-16T08:22:46.4408726+00:00"
"377","145850","duplicate","72.85","USD","won","2026-07-27T16:02:46.4408726+00:00"
"378","78872","fraud","43.17","MXN","won","2026-08-09T21:37:46.4408726+00:00"
"379","225899","service_not_received","12.71","COP","lost","2026-07-28T18:07:46.4408726+00:00"
"380","223496","unauthorized","85.33","COP","open","2026-08-11T14:56:46.4408726+00:00"
"381","223602","duplicate","55.88","MXN","lost","2026-08-17T15:36:46.4408726+00:00"
"382","238391","fraud","79.3","MXN","won","2026-07-16T20:17:46.4408726+00:00"
"383","200001","fraud","79.4","USD","open","2026-07-18T19:56:46.4408726+00:00"
"384","119084","duplicate","30.13","MXN","lost","2026-08-14T20:59:46.4446391+00:00"
"385","37972","fraud","107.94","USD","lost","2026-08-12T20:17:46.4446391+00:00"
"386","179087","service_not_received","129.6","COP","lost","2026-07-13T23:49:46.4446391+00:00"
"387","18739","service_not_received","27.27","USD","won","2026-07-01T10:47:46.4446391+00:00"
"388","145048","fraud","31.87","USD","lost","2026-07-24T22:17:46.4446391+00:00"
"389","110150","duplicate","31.87","USD","lost","2026-07-01T14:28:46.4446391+00:00"
"390","103679","service_not_received","80.03","MXN","won","2026-08-08T06:17:46.4446391+00:00"
"391","183424","unauthorized","80.35","USD","lost","2026-07-07T02:49:46.4446391+00:00"
"392","202221","duplicate","68.84","COP","lost","2026-07-20T15:51:46.4446391+00:00"
"393","193629","unauthorized","38.83","MXN","won","2026-07-28T03:53:46.4446391+00:00"
"394","154300","duplicate","103.61","COP","open","2026-07-06T22:46:46.4446391+00:00"
"395","185918","duplicate","88.69","USD","lost","2026-07-14T16:26:46.4446391+00:00"
"396","195673","unauthorized","79.19","MXN","won","2026-07-26T21:14:46.5128613+00:00"
"397","157999","fraud","110.72","COP","lost","2026-06-27T04:48:46.5144004+00:00"
"398","81507","fraud","81.36","MXN","open","2026-07-16T16:04:46.5144004+00:00"
"399","148996","fraud","141.38","MXN","lost","2026-06-21T06:58:46.5144004+00:00"
"400","2900","service_not_received","110.44","MXN","lost","2026-06-19T18:55:46.5144004+00:00"
"401","170596","unauthorized","55.8","USD","lost","2026-08-16T05:17:46.5144004+00:00"
"402","210092","fraud","107.12","MXN","open","2026-07-19T23:57:46.5144004+00:00"
"403","203554","duplicate","138.03","USD","won","2026-08-10T15:30:46.5144004+00:00"
"404","198925","service_not_received","101.24","MXN","open","2026-06-25T03:49:46.5144004+00:00"
"405","85551","duplicate","117.62","USD","open","2026-06-23T13:37:46.5144004+00:00"
"406","154691","fraud","117","COP","open","2026-07-03T12:39:46.5144004+00:00"
"407","203746","service_not_received","113.46","MXN","open","2026-07-13T20:38:46.5144004+00:00"
"408","189223","service_not_received","47.37","MXN","won","2026-06-20T22:13:46.5144004+00:00"
"409","176672","duplicate","48.41","COP","lost","2026-07-24T16:18:46.5144004+00:00"
"410","81964","duplicate","105.69","MXN","won","2026-08-01T07:08:46.5144004+00:00"
"411","100655","fraud","97.14","MXN","open","2026-08-15T09:25:46.5144004+00:00"
"412","122707","duplicate","80.04","MXN","won","2026-07-11T12:31:46.5144004+00:00"
"413","84929","unauthorized","149.65","COP","won","2026-07-27T21:46:46.5144004+00:00"
"414","130373","unauthorized","20.4","COP","lost","2026-07-24T12:42:46.5144004+00:00"
"415","80818","duplicate","12.49","USD","won","2026-08-12T21:31:46.5144004+00:00"
"416","26278","service_not_received","45.09","MXN","lost","2026-07-22T10:28:46.5144004+00:00"
"417","57115","fraud","9.55","MXN","open","2026-07-22T03:07:46.5144004+00:00"
"418","95508","fraud","20.66","USD","lost","2026-07-15T20:06:46.5144004+00:00"
"419","32256","fraud","33.66","MXN","won","2026-06-25T09:55:46.5144004+00:00"
"420","13980","duplicate","121.39","COP","open","2026-08-01T05:07:46.5144004+00:00"
"421","167866","duplicate","72.75","COP","won","2026-07-15T12:18:46.5144004+00:00"
"422","180894","fraud","128.48","USD","lost","2026-07-19T23:37:46.5144004+00:00"
"423","175320","fraud","54.71","COP","open","2026-06-30T13:51:46.5144004+00:00"
"424","191574","unauthorized","77.32","COP","won","2026-07-11T18:05:46.5144004+00:00"
"425","185192","fraud","92.41","MXN","open","2026-08-18T23:36:46.5144004+00:00"
"426","225533","duplicate","100.95","MXN","open","2026-08-08T09:36:46.5144004+00:00"
"427","173721","duplicate","37.28","COP","lost","2026-07-09T21:19:46.5144004+00:00"
"428","80992","fraud","15.96","MXN","open","2026-08-06T12:03:46.5144004+00:00"
"429","18286","unauthorized","58.27","COP","lost","2026-08-12T05:28:46.5144004+00:00"
"430","136274","unauthorized","141.1","COP","open","2026-07-19T09:34:46.5144004+00:00"
"431","135122","unauthorized","40.23","MXN","won","2026-08-16T14:04:46.5144004+00:00"
"432","70935","unauthorized","37.2","COP","lost","2026-08-16T04:29:46.5144004+00:00"
"433","37857","service_not_received","77.53","USD","lost","2026-07-31T00:35:46.5144004+00:00"
"434","206971","service_not_received","53.33","USD","lost","2026-06-28T23:21:46.5144004+00:00"
"435","225863","duplicate","14.4","USD","lost","2026-07-02T00:09:46.5144004+00:00"
"436","164406","duplicate","99.02","USD","lost","2026-07-20T21:41:46.5144004+00:00"
"437","76873","duplicate","118.24","MXN","open","2026-06-21T21:56:46.5144004+00:00"
"438","75439","service_not_received","87.94","COP","lost","2026-06-23T07:43:46.5144004+00:00"
"439","18360","duplicate","11.26","MXN","lost","2026-07-28T23:48:46.5144004+00:00"
"440","215276","duplicate","96.61","MXN","lost","2026-07-19T23:49:46.5144004+00:00"
"441","191796","unauthorized","130.62","MXN","open","2026-08-14T21:13:46.5144004+00:00"
"442","181058","unauthorized","124.57","USD","open","2026-06-30T09:27:46.5144004+00:00"
"443","229186","fraud","15.61","MXN","won","2026-07-31T04:12:46.5144004+00:00"
"444","137325","duplicate","112.46","MXN","open","2026-08-05T02:21:46.5144004+00:00"
"445","249474","fraud","20.12","COP","open","2026-06-25T06:10:46.5144004+00:00"
"446","160563","fraud","108.76","USD","won","2026-07-26T13:08:46.5144004+00:00"
"447","54049","unauthorized","94.27","MXN","won","2026-08-07T18:43:46.5144004+00:00"
"448","91409","unauthorized","137.35","MXN","won","2026-08-04T01:40:46.5144004+00:00"
"449","72255","fraud","49.67","COP","lost","2026-07-26T01:09:46.5144004+00:00"
"450","206855","fraud","126.37","MXN","won","2026-07-30T06:01:46.5144004+00:00"
"451","69606","service_not_received","50.55","MXN","won","2026-08-14T07:21:46.5144004+00:00"
"452","86204","service_not_received","79.76","USD","lost","2026-07-05T00:46:46.5144004+00:00"
"453","121724","fraud","130.63","MXN","open","2026-08-10T08:20:46.5179521+00:00"
"454","69381","service_not_received","97.05","MXN","won","2026-07-16T20:07:46.5179521+00:00"
"455","122021","unauthorized","57.6","MXN","lost","2026-08-06T19:58:46.5179521+00:00"
"456","162235","service_not_received","97.69","USD","lost","2026-07-21T16:04:46.5179521+00:00"
"457","106922","duplicate","129.69","MXN","won","2026-06-24T15:02:46.5179521+00:00"
"458","100088","duplicate","24.56","USD","won","2026-08-18T05:21:46.5179521+00:00"
"459","205067","duplicate","102.93","USD","won","2026-08-18T04:52:46.5179521+00:00"
"460","89516","service_not_received","129.27","MXN","won","2026-08-04T17:21:46.5179521+00:00"
"461","145574","service_not_received","138.24","COP","lost","2026-07-22T02:35:46.5179521+00:00"
"462","176945","fraud","38.47","MXN","open","2026-06-28T22:32:46.5179521+00:00"
"463","13690","unauthorized","40.51","MXN","lost","2026-07-01T22:45:46.5179521+00:00"
"464","245811","service_not_received","8.11","COP","open","2026-07-22T02:00:46.5179521+00:00"
"465","137652","duplicate","67.98","COP","open","2026-07-18T13:48:46.5179521+00:00"
"466","226697","fraud","80.36","USD","lost","2026-08-18T10:39:46.5179521+00:00"
"467","231582","fraud","82.49","COP","lost","2026-07-17T15:22:46.5179521+00:00"
"468","208263","service_not_received","139.82","USD","won","2026-07-03T03:55:46.5179521+00:00"
"469","160030","fraud","134.16","COP","won","2026-06-30T03:38:46.5179521+00:00"
"470","179690","unauthorized","76.46","COP","open","2026-07-15T01:12:46.5179521+00:00"
"471","88780","service_not_received","130.95","COP","lost","2026-06-24T13:09:46.5179521+00:00"
"472","82826","service_not_received","16.17","MXN","won","2026-08-18T18:02:46.5179521+00:00"
"473","149473","duplicate","76.57","COP","open","2026-07-21T14:04:46.5179521+00:00"
"474","180810","fraud","144.54","USD","open","2026-08-01T03:54:46.5179521+00:00"
"475","224474","unauthorized","114.27","COP","lost","2026-07-09T08:26:46.5179521+00:00"
"476","228567","unauthorized","63.31","COP","lost","2026-06-24T18:27:46.5179521+00:00"
"477","240205","duplicate","18.99","COP","open","2026-06-25T19:17:46.5179521+00:00"
"478","106849","unauthorized","19.87","COP","lost","2026-08-16T17:08:46.5179521+00:00"
"479","32586","unauthorized","106.2","MXN","open","2026-08-19T10:15:46.5179521+00:00"
"480","242779","unauthorized","121.46","USD","open","2026-07-31T07:21:46.5179521+00:00"
"481","25413","duplicate","27.23","COP","open","2026-07-19T12:09:46.5179521+00:00"
"482","32002","unauthorized","76.76","USD","won","2026-07-26T21:17:46.5179521+00:00"
"483","231072","duplicate","98.08","COP","open","2026-08-03T05:12:46.5179521+00:00"
"484","36084","fraud","8.41","USD","open","2026-07-13T22:03:46.5179521+00:00"
"485","108659","duplicate","123.31","COP","lost","2026-08-02T20:33:46.5179521+00:00"
"486","163782","service_not_received","79.34","MXN","won","2026-08-14T07:35:46.5179521+00:00"
"487","3464","unauthorized","51.51","COP","lost","2026-07-26T01:20:46.5179521+00:00"
"488","200294","fraud","83.5","USD","won","2026-06-27T18:37:46.5179521+00:00"
"489","24642","duplicate","106.57","USD","won","2026-08-15T16:30:46.5179521+00:00"
"490","141249","fraud","45.09","MXN","lost","2026-08-15T06:06:46.5179521+00:00"
"491","211199","duplicate","48.12","USD","open","2026-08-15T06:08:46.5179521+00:00"
"492","177064","unauthorized","136.06","COP","lost","2026-07-03T13:22:46.5179521+00:00"
"493","197962","unauthorized","44.66","USD","won","2026-08-16T15:12:46.5179521+00:00"
"494","239129","service_not_received","25.37","MXN","open","2026-08-15T14:26:46.5179521+00:00"
"495","184833","duplicate","31.86","USD","won","2026-07-05T10:08:46.5179521+00:00"
"496","236457","service_not_received","88.44","MXN","open","2026-08-01T17:23:46.5179521+00:00"
"497","229808","duplicate","110.75","COP","lost","2026-07-29T23:22:46.5179521+00:00"
"498","109129","duplicate","34.58","MXN","lost","2026-07-01T18:31:46.5179521+00:00"
"499","229618","fraud","144.06","USD","won","2026-08-16T11:07:46.5179521+00:00"
"500","177968","duplicate","30.63","COP","won","2026-07-24T20:29:46.5179521+00:00"
"501","187190","duplicate","109.78","MXN","won","2026-08-01T18:45:46.5179521+00:00"
"502","201425","duplicate","94.56","USD","won","2026-07-10T15:00:46.5179521+00:00"
"503","194603","unauthorized","101.99","COP","open","2026-07-10T11:18:46.5179521+00:00"
"504","59861","service_not_received","15.39","MXN","open","2026-06-22T09:08:46.5179521+00:00"
"505","133094","service_not_received","128.73","MXN","open","2026-08-05T08:31:46.5179521+00:00"
"506","67209","service_not_received","69.38","USD","won","2026-08-18T04:07:46.5179521+00:00"
"507","44141","fraud","140.12","MXN","lost","2026-06-29T08:05:46.5179521+00:00"
"508","43635","unauthorized","64.99","MXN","open","2026-07-28T09:19:46.5179521+00:00"
"509","19294","service_not_received","104.76","USD","lost","2026-07-20T14:37:46.5179521+00:00"
"510","157363","fraud","106.48","COP","open","2026-06-21T05:56:46.5179521+00:00"
"511","44385","fraud","59.37","USD","open","2026-07-03T09:28:46.5179521+00:00"
"512","42273","unauthorized","63.96","USD","lost","2026-07-11T05:15:46.5179521+00:00"
"513","74517","service_not_received","23.54","COP","open","2026-07-21T10:29:46.5179521+00:00"
"514","237390","duplicate","137.48","COP","open","2026-07-14T19:58:46.5179521+00:00"
"515","110656","fraud","74.17","USD","lost","2026-08-11T20:51:46.5179521+00:00"
"516","83135","unauthorized","127.63","USD","open","2026-06-27T23:11:46.5179521+00:00"
"517","153898","unauthorized","73.26","MXN","lost","2026-07-14T18:28:46.5179521+00:00"
"518","195655","service_not_received","30.89","MXN","lost","2026-07-17T02:35:46.5179521+00:00"
"519","230958","fraud","116.41","MXN","open","2026-08-05T17:59:46.5179521+00:00"
"520","199404","unauthorized","78.72","MXN","won","2026-08-07T02:04:46.5179521+00:00"
"521","171992","unauthorized","19.35","MXN","open","2026-08-06T07:18:46.5179521+00:00"
"522","75507","unauthorized","64.21","USD","lost","2026-08-09T05:23:46.5179521+00:00"
"523","109383","duplicate","20.99","COP","open","2026-08-14T20:46:46.5179521+00:00"
"524","218732","duplicate","124.64","USD","open","2026-07-17T14:35:46.5179521+00:00"
"525","26945","fraud","142.78","COP","won","2026-08-07T04:28:46.5179521+00:00"
"526","216654","unauthorized","53.41","MXN","lost","2026-07-12T10:32:46.5179521+00:00"
"527","94349","service_not_received","135.38","MXN","open","2026-07-06T16:33:46.5179521+00:00"
"528","31761","service_not_received","73.11","COP","won","2026-07-30T20:25:46.5179521+00:00"
"529","186883","unauthorized","31.66","COP","open","2026-07-19T08:56:46.5179521+00:00"
"530","200659","duplicate","6.92","USD","lost","2026-07-25T02:55:46.5179521+00:00"
"531","17757","fraud","99.32","MXN","won","2026-07-10T04:46:46.5179521+00:00"
"532","27333","duplicate","120.69","COP","lost","2026-07-11T09:36:46.5179521+00:00"
"533","27542","service_not_received","97.12","COP","won","2026-07-28T06:18:46.5179521+00:00"
"534","100852","service_not_received","88.64","COP","lost","2026-07-01T18:27:46.5179521+00:00"
"535","36566","fraud","113.63","USD","won","2026-07-23T14:04:46.5179521+00:00"
"536","87545","unauthorized","112.59","COP","lost","2026-07-15T05:00:46.5179521+00:00"
"537","30870","duplicate","17.08","USD","lost","2026-07-14T20:28:46.5179521+00:00"
"538","196047","unauthorized","140.97","COP","open","2026-07-01T23:50:46.5179521+00:00"
"539","113961","fraud","91.34","MXN","lost","2026-08-13T18:30:46.5179521+00:00"
"540","123087","service_not_received","97.64","MXN","won","2026-07-18T12:20:46.5179521+00:00"
"541","47254","duplicate","85.76","USD","lost","2026-07-05T18:35:46.5179521+00:00"
"542","104238","fraud","66.43","COP","won","2026-08-12T16:37:46.5179521+00:00"
"543","19989","duplicate","67.07","MXN","lost","2026-06-22T10:07:46.5179521+00:00"
"544","144779","duplicate","100.69","USD","lost","2026-08-11T14:54:46.5179521+00:00"
"545","165173","fraud","119.92","COP","open","2026-07-22T01:26:46.5179521+00:00"
"546","45192","fraud","19.95","COP","won","2026-08-19T12:47:46.5179521+00:00"
"547","138012","fraud","88.92","USD","open","2026-07-19T20:56:46.5179521+00:00"
"548","37407","service_not_received","99.65","USD","open","2026-07-09T00:53:46.5179521+00:00"
"549","247772","fraud","35.64","MXN","open","2026-07-30T08:33:46.5179521+00:00"
"550","204210","service_not_received","69.88","COP","lost","2026-07-24T06:35:46.5179521+00:00"
"551","70998","duplicate","104.48","COP","won","2026-06-28T13:00:46.5179521+00:00"
"552","71678","service_not_received","80.37","COP","lost","2026-07-31T00:39:46.5179521+00:00"
"553","98732","unauthorized","128.06","MXN","lost","2026-07-05T14:56:46.5179521+00:00"
"554","196088","unauthorized","61.77","MXN","open","2026-06-27T07:26:46.5179521+00:00"
"555","34395","fraud","149.84","COP","lost","2026-07-03T00:01:46.5179521+00:00"
"556","2457","fraud","21","COP","lost","2026-07-14T21:40:46.5179521+00:00"
"557","8582","unauthorized","87.24","USD","won","2026-06-25T21:37:46.5179521+00:00"
"558","54544","duplicate","14.29","MXN","won","2026-07-04T13:44:46.5179521+00:00"
"559","50918","unauthorized","90.43","COP","open","2026-06-27T03:33:46.5179521+00:00"
"560","32179","service_not_received","75.07","COP","won","2026-08-01T06:57:46.5179521+00:00"
"561","45948","unauthorized","58.2","USD","open","2026-07-30T12:54:46.5179521+00:00"
"562","79865","duplicate","87.43","MXN","lost","2026-08-12T23:54:46.5179521+00:00"
"563","239492","service_not_received","84.46","USD","lost","2026-08-16T13:00:46.5179521+00:00"
"564","106948","unauthorized","135.5","COP","won","2026-08-17T18:15:46.5179521+00:00"
"565","12464","unauthorized","64.76","MXN","won","2026-06-21T13:17:46.5179521+00:00"
"566","163381","duplicate","65.12","COP","open","2026-06-19T19:08:46.5179521+00:00"
"567","9237","fraud","119.12","COP","lost","2026-07-26T11:02:46.5179521+00:00"
"568","183661","fraud","104.66","MXN","won","2026-08-02T19:52:46.5179521+00:00"
"569","138888","service_not_received","74.13","COP","lost","2026-08-12T19:11:46.5179521+00:00"
"570","144407","service_not_received","56.99","MXN","won","2026-07-31T19:43:46.5179521+00:00"
"571","15446","unauthorized","125.35","USD","open","2026-06-22T12:31:46.5179521+00:00"
"572","160452","duplicate","125.04","USD","open","2026-07-04T05:47:46.5179521+00:00"
"573","122642","fraud","50.08","MXN","won","2026-08-18T08:14:46.5179521+00:00"
"574","91132","unauthorized","57.79","USD","open","2026-07-16T04:43:46.5179521+00:00"
"575","90361","fraud","46.36","MXN","won","2026-07-09T14:34:46.5179521+00:00"
"576","128173","unauthorized","36.72","MXN","open","2026-07-08T23:21:46.5179521+00:00"
"577","61595","unauthorized","28.29","MXN","lost","2026-08-06T18:08:46.5179521+00:00"
"578","138313","unauthorized","122.38","MXN","won","2026-08-16T02:05:46.5179521+00:00"
"579","197624","duplicate","123.58","USD","won","2026-06-26T17:20:46.5179521+00:00"
"580","13101","service_not_received","24.75","COP","lost","2026-06-25T00:29:46.5179521+00:00"
"581","33006","service_not_received","126.16","USD","won","2026-06-21T06:00:46.5179521+00:00"
"582","79903","duplicate","5.45","MXN","lost","2026-07-10T16:43:46.5179521+00:00"
"583","55642","fraud","95.35","COP","lost","2026-07-12T08:47:46.5259832+00:00"
"584","13053","duplicate","73.16","USD","open","2026-08-05T10:31:46.5259832+00:00"
"585","66159","fraud","47.1","USD","open","2026-07-16T23:20:46.5259832+00:00"
"586","236078","service_not_received","110.58","USD","lost","2026-07-26T17:45:46.5259832+00:00"
"587","180927","service_not_received","71.79","COP","open","2026-07-04T20:40:46.5259832+00:00"
"588","57109","duplicate","6.26","USD","won","2026-08-09T14:05:46.5259832+00:00"
"589","10313","duplicate","45.18","COP","won","2026-06-23T10:29:46.5259832+00:00"
"590","117568","unauthorized","142.44","USD","lost","2026-08-13T04:30:46.5259832+00:00"
"591","97702","fraud","84.21","MXN","lost","2026-07-17T07:39:46.5259832+00:00"
"592","79858","unauthorized","123.24","COP","won","2026-07-13T08:24:46.5259832+00:00"
"593","139256","service_not_received","31.91","MXN","open","2026-08-06T14:23:46.5259832+00:00"
"594","117726","unauthorized","34.23","MXN","lost","2026-07-14T02:02:46.5259832+00:00"
"595","242573","duplicate","102.18","MXN","won","2026-07-06T09:40:46.5259832+00:00"
"596","2419","unauthorized","65.05","MXN","open","2026-07-23T12:18:46.5259832+00:00"
"597","119678","fraud","99.97","USD","lost","2026-06-20T02:59:46.5259832+00:00"
"598","249942","unauthorized","136.02","USD","won","2026-06-27T22:26:46.5259832+00:00"
"599","48597","service_not_received","120.03","USD","lost","2026-06-27T12:20:46.5259832+00:00"
"600","90780","service_not_received","77.82","MXN","lost","2026-07-20T01:08:46.5259832+00:00"
"601","160318","duplicate","6.27","MXN","lost","2026-07-29T10:10:46.5259832+00:00"
"602","197795","duplicate","68.76","COP","lost","2026-08-02T13:01:46.5259832+00:00"
"603","11288","service_not_received","58.14","MXN","won","2026-06-22T17:34:46.5259832+00:00"
"604","11580","unauthorized","133.67","USD","won","2026-08-07T07:39:46.5259832+00:00"
"605","33675","unauthorized","57.23","COP","lost","2026-08-13T21:19:46.5259832+00:00"
"606","117862","unauthorized","63.07","MXN","won","2026-08-03T16:05:46.5259832+00:00"
"607","132715","duplicate","49.21","USD","open","2026-08-08T07:28:46.5259832+00:00"
"608","105916","duplicate","88.07","USD","won","2026-06-20T03:34:46.5259832+00:00"
"609","33081","unauthorized","109.95","COP","lost","2026-08-10T09:13:46.5259832+00:00"
"610","229401","service_not_received","146.67","COP","won","2026-07-21T12:23:46.5259832+00:00"
"611","202559","unauthorized","105.87","USD","lost","2026-08-04T07:13:46.5259832+00:00"
"612","132785","service_not_received","88.47","MXN","won","2026-07-11T06:41:46.5259832+00:00"
"613","75546","unauthorized","49.92","MXN","won","2026-08-15T12:47:46.5259832+00:00"
"614","17087","duplicate","33.1","MXN","open","2026-07-20T12:13:46.5259832+00:00"
"615","65350","unauthorized","50.19","MXN","open","2026-07-26T23:17:46.5259832+00:00"
"616","142458","unauthorized","63.39","USD","won","2026-06-29T05:54:46.5259832+00:00"
"617","31725","duplicate","85.01","COP","open","2026-07-11T10:26:46.5259832+00:00"
"618","166886","duplicate","13.13","MXN","open","2026-07-03T23:08:46.5259832+00:00"
"619","131724","service_not_received","31.28","COP","won","2026-07-05T11:14:46.5259832+00:00"
"620","30718","duplicate","140.58","COP","lost","2026-06-25T20:56:46.5259832+00:00"
"621","232798","unauthorized","75.72","COP","lost","2026-07-25T21:33:46.5259832+00:00"
"622","146510","service_not_received","146.74","COP","open","2026-08-09T20:21:46.5259832+00:00"
"623","11691","duplicate","111.28","COP","won","2026-07-07T17:47:46.5259832+00:00"
"624","76047","service_not_received","94.03","COP","lost","2026-07-23T14:23:46.5259832+00:00"
"625","132517","unauthorized","93.57","USD","open","2026-08-19T15:02:46.5259832+00:00"
"626","212001","service_not_received","24.5","COP","lost","2026-08-06T01:11:46.5259832+00:00"
"627","154071","fraud","110.42","USD","open","2026-06-29T02:56:46.5259832+00:00"
"628","2494","fraud","65.09","USD","lost","2026-08-16T19:01:46.5259832+00:00"
"629","130792","fraud","68.92","MXN","won","2026-07-09T03:08:46.5259832+00:00"
"630","73473","service_not_received","20.25","USD","won","2026-08-10T02:04:46.5295556+00:00"
"631","8090","service_not_received","22.11","MXN","lost","2026-07-04T00:28:46.5295556+00:00"
"632","69225","duplicate","22.5","USD","won","2026-07-04T08:21:46.5295556+00:00"
"633","166179","unauthorized","39.79","MXN","lost","2026-08-13T05:14:46.5295556+00:00"
"634","142572","service_not_received","6.21","MXN","lost","2026-07-22T00:18:46.5295556+00:00"
"635","123365","duplicate","46.71","USD","lost","2026-08-01T05:23:46.5295556+00:00"
"636","141678","service_not_received","35.94","USD","won","2026-07-27T05:37:46.5295556+00:00"
"637","70096","duplicate","67.83","MXN","lost","2026-08-17T08:14:46.5295556+00:00"
"638","50084","fraud","8.25","USD","lost","2026-08-13T17:20:46.5295556+00:00"
"639","181937","duplicate","101.65","USD","won","2026-08-08T19:48:46.5295556+00:00"
"640","141258","duplicate","5.84","USD","lost","2026-08-02T07:59:46.5295556+00:00"
"641","64942","duplicate","42.89","MXN","open","2026-08-14T17:42:46.5295556+00:00"
"642","5613","duplicate","143.04","COP","open","2026-07-26T15:41:46.5307261+00:00"
"643","198000","duplicate","66.6","USD","lost","2026-08-09T15:03:46.5307261+00:00"
"644","107423","fraud","6.95","MXN","open","2026-08-03T15:15:46.5307261+00:00"
"645","205268","unauthorized","115.57","USD","lost","2026-07-17T20:31:46.5307261+00:00"
"646","83284","fraud","40.87","USD","open","2026-08-11T15:00:46.5307261+00:00"
"647","111943","service_not_received","39.32","MXN","lost","2026-08-15T05:04:46.5307261+00:00"
"648","102794","fraud","5.09","COP","open","2026-07-21T05:25:46.5307261+00:00"
"649","82878","fraud","138.39","MXN","won","2026-07-05T00:54:46.5307261+00:00"
"650","150842","unauthorized","144.69","MXN","lost","2026-06-21T18:52:46.5307261+00:00"
"651","2552","unauthorized","149.82","MXN","open","2026-07-18T14:24:46.5307261+00:00"
"652","95663","service_not_received","129.81","MXN","won","2026-06-29T01:19:46.5307261+00:00"
"653","198873","service_not_received","117.76","USD","open","2026-07-13T03:28:46.5307261+00:00"
"654","218234","unauthorized","134.78","USD","open","2026-06-23T11:42:46.5307261+00:00"
"655","70966","service_not_received","140.91","USD","won","2026-06-24T23:22:46.5307261+00:00"
"656","246026","fraud","14.18","COP","lost","2026-06-19T22:24:46.5307261+00:00"
"657","47491","fraud","108.45","MXN","open","2026-07-09T13:46:46.5307261+00:00"
"658","83422","duplicate","97.14","USD","won","2026-06-21T00:44:46.5307261+00:00"
"659","122095","duplicate","60.5","COP","lost","2026-07-28T07:16:46.5307261+00:00"
"660","200082","unauthorized","34.7","USD","won","2026-07-16T20:16:46.5307261+00:00"
"661","58435","fraud","134.92","COP","open","2026-07-04T09:34:46.5307261+00:00"
"662","154807","service_not_received","132.34","USD","open","2026-07-12T13:09:46.5307261+00:00"
"663","130769","service_not_received","75.51","MXN","won","2026-06-24T19:20:46.5307261+00:00"
"664","190971","unauthorized","93.95","USD","won","2026-08-16T20:22:46.5307261+00:00"
"665","124079","service_not_received","126.2","MXN","open","2026-07-10T11:26:46.5307261+00:00"
"666","30362","unauthorized","34.55","MXN","won","2026-08-09T01:59:46.5307261+00:00"
"667","204405","fraud","80.57","COP","open","2026-07-31T09:50:46.5307261+00:00"
"668","71217","fraud","37.41","MXN","open","2026-08-14T13:35:46.5307261+00:00"
"669","179921","fraud","105.22","MXN","lost","2026-07-09T17:18:46.5307261+00:00"
"670","108349","unauthorized","58.06","COP","lost","2026-07-20T08:34:46.5307261+00:00"
"671","54056","duplicate","60.03","USD","won","2026-06-25T22:59:46.5307261+00:00"
"672","116817","service_not_received","36.39","COP","won","2026-07-02T03:07:46.5307261+00:00"
"673","167460","service_not_received","97.58","MXN","won","2026-08-14T08:00:46.5307261+00:00"
"674","60749","service_not_received","76.78","USD","lost","2026-07-22T01:22:46.5307261+00:00"
"675","189400","service_not_received","32.87","COP","lost","2026-06-30T14:20:46.5307261+00:00"
"676","89376","service_not_received","13.36","USD","won","2026-06-22T05:31:46.5307261+00:00"
"677","47715","duplicate","26.57","USD","lost","2026-06-25T14:02:46.5307261+00:00"
"678","19131","fraud","12.33","COP","won","2026-07-24T11:09:46.5307261+00:00"
"679","227537","duplicate","39.01","COP","won","2026-06-28T08:19:46.5307261+00:00"
"680","141112","unauthorized","12.06","COP","open","2026-08-13T22:52:46.5307261+00:00"
"681","56381","unauthorized","20.13","MXN","open","2026-07-18T17:19:46.5307261+00:00"
"682","126726","fraud","96.16","MXN","lost","2026-08-07T06:14:46.5307261+00:00"
"683","72054","fraud","58.64","USD","lost","2026-07-12T14:50:46.5307261+00:00"
"684","249326","duplicate","80.74","USD","lost","2026-08-10T13:10:46.5307261+00:00"
"685","126856","unauthorized","97.41","MXN","open","2026-07-13T23:46:46.5307261+00:00"
"686","122018","duplicate","48.58","MXN","open","2026-06-29T14:47:46.5307261+00:00"
"687","101764","fraud","102.83","COP","lost","2026-07-08T02:33:46.5307261+00:00"
"688","200334","unauthorized","95.8","USD","lost","2026-06-24T16:49:46.5307261+00:00"
"689","240454","service_not_received","146.51","USD","won","2026-06-28T01:28:46.5307261+00:00"
"690","91207","unauthorized","81.92","USD","open","2026-07-19T14:01:46.5307261+00:00"
"691","56208","fraud","96.05","COP","won","2026-08-12T09:21:46.5307261+00:00"
"692","47257","fraud","114.4","MXN","lost","2026-07-09T06:34:46.5307261+00:00"
"693","104290","unauthorized","87.91","MXN","lost","2026-08-15T20:36:46.5307261+00:00"
"694","134458","unauthorized","93.48","COP","open","2026-08-05T09:52:46.5307261+00:00"
"695","173572","duplicate","119.39","COP","open","2026-08-04T19:19:46.5307261+00:00"
"696","93708","fraud","124.19","MXN","open","2026-08-16T22:28:46.5307261+00:00"
"697","147108","unauthorized","136.78","MXN","lost","2026-07-21T10:00:46.5307261+00:00"
"698","87075","fraud","34.24","MXN","won","2026-07-18T00:13:46.5307261+00:00"
"699","188766","duplicate","129.31","MXN","lost","2026-07-17T08:59:46.5307261+00:00"
"700","20928","service_not_received","37.11","COP","open","2026-08-02T05:40:46.5307261+00:00"
"701","69260","unauthorized","26.92","USD","won","2026-06-25T07:57:46.5307261+00:00"
"702","50255","service_not_received","76.7","USD","open","2026-07-28T08:19:46.5307261+00:00"
"703","129473","unauthorized","116.67","MXN","open","2026-08-06T21:07:46.5307261+00:00"
"704","157948","service_not_received","46.76","USD","open","2026-07-15T19:06:46.5307261+00:00"
"705","157513","service_not_received","36.51","MXN","won","2026-07-25T01:19:46.5307261+00:00"
"706","31349","service_not_received","48.08","USD","open","2026-08-12T12:27:46.5307261+00:00"
"707","103797","duplicate","32.6","MXN","won","2026-07-01T09:06:46.5307261+00:00"
"708","29416","fraud","90.45","MXN","won","2026-08-10T17:32:46.5307261+00:00"
"709","178181","duplicate","87.07","USD","open","2026-07-06T05:04:46.5307261+00:00"
"710","67948","unauthorized","78.76","MXN","lost","2026-07-16T16:39:46.5307261+00:00"
"711","145111","service_not_received","119.89","COP","won","2026-07-17T02:21:46.5307261+00:00"
"712","95618","fraud","74.19","USD","lost","2026-06-20T10:10:46.5307261+00:00"
"713","179112","service_not_received","83.95","MXN","won","2026-07-01T02:28:46.5307261+00:00"
"714","225689","fraud","18.46","MXN","open","2026-07-02T12:35:46.5307261+00:00"
"715","31660","fraud","9.17","USD","won","2026-08-17T10:00:46.5307261+00:00"
"716","218260","service_not_received","142.75","USD","open","2026-08-07T09:53:46.5307261+00:00"
"717","174107","service_not_received","122.66","USD","open","2026-07-28T16:24:46.5307261+00:00"
"718","5404","fraud","148.77","USD","won","2026-06-22T03:34:46.5307261+00:00"
"719","1300","unauthorized","24.99","COP","lost","2026-08-08T00:29:46.5307261+00:00"
"720","102217","duplicate","114.25","COP","lost","2026-07-17T05:28:46.5307261+00:00"
"721","210307","unauthorized","134.34","COP","lost","2026-06-26T02:23:46.5307261+00:00"
"722","27203","duplicate","8.11","USD","open","2026-06-20T23:15:46.5307261+00:00"
"723","59532","duplicate","149.56","MXN","open","2026-07-20T08:39:46.5307261+00:00"
"724","217894","fraud","127.22","MXN","won","2026-08-08T18:41:46.5307261+00:00"
"725","165511","duplicate","68.61","MXN","open","2026-07-06T02:03:46.5307261+00:00"
"726","83693","duplicate","99.74","COP","open","2026-07-26T01:43:46.5307261+00:00"
"727","170433","unauthorized","86.58","MXN","won","2026-08-14T00:49:46.5307261+00:00"
"728","128250","duplicate","137.63","COP","open","2026-06-22T12:13:46.5307261+00:00"
"729","90396","service_not_received","88.81","COP","won","2026-08-15T20:39:46.5307261+00:00"
"730","186918","unauthorized","6.23","COP","lost","2026-07-14T07:42:46.5307261+00:00"
"731","128238","duplicate","140.71","COP","won","2026-07-25T18:36:46.5307261+00:00"
"732","167109","fraud","23.47","COP","lost","2026-07-04T14:47:46.5307261+00:00"
"733","51724","service_not_received","54.91","MXN","lost","2026-06-26T18:32:46.5307261+00:00"
"734","3729","fraud","114.91","COP","open","2026-06-24T03:15:46.5307261+00:00"
"735","7200","duplicate","52.84","MXN","open","2026-07-26T07:12:46.5307261+00:00"
"736","160296","fraud","17.53","MXN","lost","2026-08-10T23:11:46.5307261+00:00"
"737","208146","service_not_received","76.37","USD","open","2026-07-05T00:31:46.5307261+00:00"
"738","128158","duplicate","112.78","MXN","won","2026-08-05T04:25:46.5307261+00:00"
"739","146528","fraud","101.64","MXN","won","2026-07-25T07:21:46.5307261+00:00"
"740","91487","duplicate","145.35","COP","lost","2026-07-22T23:17:46.5307261+00:00"
"741","86817","unauthorized","126.17","MXN","won","2026-07-28T00:52:46.5307261+00:00"
"742","203670","service_not_received","24.04","COP","won","2026-07-02T08:46:46.5307261+00:00"
"743","134573","duplicate","129.52","COP","won","2026-07-30T03:44:46.5307261+00:00"
"744","65400","service_not_received","116.11","COP","lost","2026-06-29T20:06:46.5307261+00:00"
"745","157386","unauthorized","34.68","COP","won","2026-08-19T08:57:46.5307261+00:00"
"746","139126","duplicate","84.12","COP","open","2026-07-10T12:35:46.5307261+00:00"
"747","12544","service_not_received","45.19","MXN","won","2026-06-22T07:09:46.5307261+00:00"
"748","59435","duplicate","34.14","COP","won","2026-07-03T03:10:46.5307261+00:00"
"749","206267","fraud","15.39","COP","won","2026-07-21T16:38:46.5307261+00:00"
"750","10355","service_not_received","28.69","USD","lost","2026-07-02T12:34:46.5307261+00:00"
"751","137290","fraud","124.92","USD","won","2026-07-25T04:30:46.5307261+00:00"
"752","114312","fraud","95.1","COP","lost","2026-07-16T01:23:46.5307261+00:00"
"753","216258","service_not_received","139.44","USD","won","2026-07-28T16:35:46.5307261+00:00"
"754","145240","unauthorized","62.31","COP","lost","2026-07-31T10:43:46.5307261+00:00"
"755","68446","service_not_received","33.52","MXN","lost","2026-08-01T05:45:46.5307261+00:00"
"756","150803","duplicate","54.15","MXN","lost","2026-06-19T22:41:46.5307261+00:00"
"757","10189","duplicate","37.8","USD","lost","2026-06-24T15:57:46.5307261+00:00"
"758","50641","fraud","95.2","COP","open","2026-07-18T20:01:46.5307261+00:00"
"759","247709","fraud","109.34","USD","won","2026-08-07T20:36:46.5307261+00:00"
"760","24808","service_not_received","92.92","USD","open","2026-07-13T22:34:46.5307261+00:00"
"761","9473","unauthorized","136.42","MXN","open","2026-06-22T01:49:46.5307261+00:00"
"762","149351","unauthorized","35.94","COP","lost","2026-07-10T08:05:46.5307261+00:00"
"763","136994","fraud","62.41","COP","open","2026-07-20T13:18:46.5307261+00:00"
"764","141180","service_not_received","26.2","MXN","open","2026-06-30T11:33:46.5307261+00:00"
"765","128145","fraud","114.24","USD","won","2026-07-23T15:08:46.5307261+00:00"
"766","146155","duplicate","93.64","MXN","lost","2026-08-11T19:43:46.5307261+00:00"
"767","38744","service_not_received","97.18","COP","open","2026-08-16T08:38:46.5307261+00:00"
"768","198032","fraud","128.37","MXN","lost","2026-08-04T15:23:46.5307261+00:00"
"769","198288","service_not_received","33.26","MXN","lost","2026-08-04T05:03:46.5307261+00:00"
"770","37043","duplicate","18.17","COP","lost","2026-07-04T18:43:46.5307261+00:00"
"771","201772","service_not_received","31.09","COP","open","2026-07-27T06:42:46.5307261+00:00"
"772","182220","fraud","52.03","MXN","won","2026-07-12T10:50:46.5307261+00:00"
"773","89912","unauthorized","88.65","MXN","lost","2026-08-06T03:16:46.5307261+00:00"
"774","13663","service_not_received","100.56","COP","lost","2026-07-26T01:07:46.5307261+00:00"
"775","44953","duplicate","93.61","USD","open","2026-08-06T01:45:46.5307261+00:00"
"776","54562","service_not_received","138.82","COP","lost","2026-06-25T03:39:46.5393442+00:00"
"777","39420","unauthorized","83.26","USD","open","2026-07-19T03:34:46.5393442+00:00"
"778","44005","duplicate","113.29","MXN","lost","2026-07-17T04:50:46.5393442+00:00"
"779","145359","duplicate","59.98","USD","open","2026-08-13T10:01:46.5393442+00:00"
"780","61685","fraud","26.03","USD","open","2026-06-28T17:01:46.5393442+00:00"
"781","5924","fraud","103.61","USD","lost","2026-07-14T19:29:46.5393442+00:00"
"782","218001","fraud","140.35","COP","won","2026-06-22T23:30:46.5393442+00:00"
"783","63140","service_not_received","20.26","MXN","won","2026-07-31T05:06:46.5393442+00:00"
"784","124947","duplicate","122.62","COP","won","2026-07-29T08:50:46.5393442+00:00"
"785","77702","service_not_received","96.34","MXN","lost","2026-08-02T06:09:46.5393442+00:00"
"786","103674","service_not_received","51.52","USD","open","2026-07-21T23:51:46.5393442+00:00"
"787","126661","duplicate","139.49","COP","lost","2026-07-31T01:27:46.5393442+00:00"
"788","161884","service_not_received","107.7","MXN","lost","2026-06-27T08:38:46.5393442+00:00"
"789","178543","service_not_received","74.88","COP","open","2026-08-14T21:11:46.5393442+00:00"
"790","38031","fraud","38.82","COP","lost","2026-07-19T19:08:46.5393442+00:00"
"791","180380","duplicate","76.27","COP","won","2026-07-13T01:10:46.5393442+00:00"
"792","246972","unauthorized","141.62","USD","won","2026-06-21T10:37:46.5393442+00:00"
"793","102567","unauthorized","46.94","MXN","lost","2026-07-01T15:44:46.5393442+00:00"
"794","174716","unauthorized","82.64","MXN","open","2026-07-01T23:00:46.5393442+00:00"
"795","183697","service_not_received","113.98","USD","won","2026-07-25T14:04:46.5393442+00:00"
"796","2673","duplicate","132.48","MXN","open","2026-07-18T06:59:46.5393442+00:00"
"797","218703","service_not_received","64.32","USD","open","2026-07-31T14:15:46.5393442+00:00"
"798","123602","fraud","31.74","MXN","open","2026-06-21T18:58:46.5393442+00:00"
"799","52512","unauthorized","80.16","COP","open","2026-06-22T12:10:46.5393442+00:00"
"800","174204","fraud","85.44","MXN","lost","2026-07-13T09:59:46.5393442+00:00"
"801","138191","duplicate","115.17","MXN","won","2026-07-18T17:45:46.5393442+00:00"
"802","156548","unauthorized","117.48","USD","open","2026-07-12T16:06:46.5393442+00:00"
"803","147719","service_not_received","30.12","MXN","open","2026-07-19T17:15:46.5393442+00:00"
"804","130485","duplicate","77.57","USD","lost","2026-07-16T16:17:46.5393442+00:00"
"805","193274","fraud","137.58","COP","open","2026-07-19T20:28:46.5393442+00:00"
"806","208402","fraud","44.16","MXN","open","2026-06-28T22:06:46.5393442+00:00"
"807","43102","service_not_received","135.69","USD","won","2026-06-23T13:07:46.5393442+00:00"
"808","103191","unauthorized","132.26","COP","open","2026-06-23T01:05:46.5393442+00:00"
"809","212967","unauthorized","83.49","USD","lost","2026-07-31T20:04:46.5393442+00:00"
"810","219682","duplicate","79.91","COP","open","2026-07-15T22:29:46.5393442+00:00"
"811","164366","duplicate","126.73","USD","won","2026-07-05T05:20:46.5393442+00:00"
"812","215759","unauthorized","49.42","MXN","won","2026-06-28T23:16:46.5393442+00:00"
"813","115982","fraud","82.82","USD","open","2026-07-17T07:17:46.5393442+00:00"
"814","161124","unauthorized","57.71","COP","won","2026-08-03T20:18:46.5393442+00:00"
"815","28691","fraud","50.19","MXN","open","2026-07-28T07:03:46.5418979+00:00"
"816","120081","service_not_received","56.22","COP","lost","2026-07-20T05:07:46.5418979+00:00"
"817","199445","service_not_received","69.15","USD","open","2026-07-23T08:03:46.5418979+00:00"
"818","23678","unauthorized","95.33","COP","won","2026-07-23T06:33:46.5418979+00:00"
"819","13802","duplicate","39.41","MXN","won","2026-08-12T22:04:46.5418979+00:00"
"820","196559","duplicate","121.08","MXN","open","2026-07-20T19:01:46.5418979+00:00"
"821","86921","duplicate","30.08","COP","lost","2026-07-02T20:30:46.5418979+00:00"
"822","212169","fraud","74.91","USD","lost","2026-07-15T23:08:46.5418979+00:00"
"823","75109","service_not_received","120.63","MXN","open","2026-08-17T03:28:46.5418979+00:00"
"824","208305","duplicate","41.06","MXN","won","2026-07-03T17:33:46.5418979+00:00"
"825","21483","duplicate","76.82","USD","open","2026-07-12T20:53:46.5418979+00:00"
"826","155811","service_not_received","87.33","USD","won","2026-07-11T07:57:46.5418979+00:00"
"827","174954","unauthorized","48.71","MXN","lost","2026-07-29T19:52:46.5418979+00:00"
"828","202277","duplicate","145.18","MXN","won","2026-08-05T16:04:46.5418979+00:00"
"829","68026","unauthorized","12.16","USD","open","2026-07-09T22:28:46.5418979+00:00"
"830","232013","service_not_received","137.86","COP","won","2026-08-08T14:59:46.5418979+00:00"
"831","4515","fraud","134.76","COP","won","2026-07-21T18:25:46.5418979+00:00"
"832","152520","fraud","40.93","COP","won","2026-07-28T22:46:46.5418979+00:00"
"833","138888","duplicate","13.32","COP","won","2026-08-15T13:08:46.5418979+00:00"
"834","6084","service_not_received","80.93","USD","won","2026-08-08T20:32:46.5418979+00:00"
"835","101523","unauthorized","67.83","MXN","won","2026-08-11T00:22:46.5418979+00:00"
"836","241587","duplicate","100.63","COP","won","2026-06-23T14:35:46.5418979+00:00"
"837","192318","service_not_received","25.24","USD","open","2026-07-30T02:12:46.5418979+00:00"
"838","223708","unauthorized","128.52","COP","lost","2026-07-05T08:44:46.5418979+00:00"
"839","94156","service_not_received","62.22","COP","lost","2026-08-04T14:45:46.5418979+00:00"
"840","210171","duplicate","117.71","USD","won","2026-08-04T02:05:46.5418979+00:00"
"841","139825","unauthorized","63.64","COP","open","2026-07-01T05:05:46.5418979+00:00"
"842","54375","duplicate","91.96","MXN","open","2026-07-01T19:56:46.5418979+00:00"
"843","245937","fraud","78.03","COP","won","2026-08-07T00:39:46.5418979+00:00"
"844","120258","service_not_received","28.68","COP","won","2026-08-03T02:31:46.5418979+00:00"
"845","65538","unauthorized","46.61","COP","open","2026-07-25T06:36:46.5418979+00:00"
"846","31359","duplicate","97.11","MXN","won","2026-07-16T13:06:46.5418979+00:00"
"847","102357","service_not_received","51.12","USD","lost","2026-07-01T03:48:46.5418979+00:00"
"848","77425","unauthorized","65.19","USD","won","2026-07-12T03:13:46.5418979+00:00"
"849","234183","unauthorized","35.7","MXN","won","2026-06-27T18:36:46.5418979+00:00"
"850","208227","unauthorized","102.91","USD","won","2026-08-06T19:15:46.5418979+00:00"
"851","149363","fraud","71.56","USD","lost","2026-07-27T18:42:46.5418979+00:00"
"852","62873","unauthorized","104.45","MXN","open","2026-08-14T18:40:46.5418979+00:00"
"853","198036","service_not_received","78.49","COP","won","2026-07-13T02:36:46.5418979+00:00"
"854","163354","unauthorized","55.29","COP","open","2026-08-01T21:03:46.5418979+00:00"
"855","8074","service_not_received","108.87","MXN","open","2026-07-18T16:35:46.5418979+00:00"
"856","20605","unauthorized","42.96","MXN","open","2026-07-23T02:24:46.5418979+00:00"
"857","8141","fraud","69.28","COP","lost","2026-08-09T02:10:46.5418979+00:00"
"858","140807","unauthorized","55.68","USD","open","2026-08-15T08:12:46.5418979+00:00"
"859","31411","service_not_received","64.52","MXN","won","2026-07-28T08:53:46.5418979+00:00"
"860","172830","unauthorized","93.4","MXN","won","2026-06-21T06:57:46.5418979+00:00"
"861","52198","service_not_received","118.14","COP","lost","2026-06-24T06:18:46.5418979+00:00"
"862","240493","service_not_received","146.61","USD","open","2026-07-02T03:09:46.5418979+00:00"
"863","105928","duplicate","70.49","MXN","open","2026-08-17T06:30:46.5418979+00:00"
"864","213276","fraud","31.61","COP","won","2026-06-23T00:34:46.5418979+00:00"
"865","128746","fraud","147.69","MXN","open","2026-07-27T13:57:46.5418979+00:00"
"866","40540","service_not_received","83.26","MXN","won","2026-08-16T13:16:46.5418979+00:00"
"867","95532","service_not_received","31.79","USD","won","2026-07-02T13:00:46.5418979+00:00"
"868","51487","fraud","18.99","COP","lost","2026-07-10T09:08:46.5418979+00:00"
"869","25130","duplicate","114.06","USD","lost","2026-08-11T23:07:46.5418979+00:00"
"870","45012","duplicate","67.14","MXN","won","2026-07-04T09:22:46.5418979+00:00"
"871","19221","duplicate","59.61","COP","lost","2026-07-15T14:26:46.5418979+00:00"
"872","247482","unauthorized","36.63","USD","open","2026-07-23T04:39:46.5418979+00:00"
"873","58664","service_not_received","82","USD","open","2026-08-15T14:54:46.5418979+00:00"
"874","217335","fraud","131.63","USD","won","2026-07-10T00:43:46.5418979+00:00"
"875","211989","duplicate","91.18","MXN","open","2026-07-29T09:38:46.5418979+00:00"
"876","78270","fraud","9.98","COP","lost","2026-07-16T21:26:46.5418979+00:00"
"877","197715","unauthorized","43.15","COP","open","2026-08-04T05:09:46.5418979+00:00"
"878","56634","fraud","18.28","MXN","lost","2026-07-02T07:50:46.5418979+00:00"
"879","42876","unauthorized","51.76","COP","lost","2026-08-19T10:16:46.5418979+00:00"
"880","60653","fraud","105.81","USD","open","2026-08-15T07:51:46.5418979+00:00"
"881","95263","fraud","74.36","MXN","won","2026-07-10T10:34:46.5418979+00:00"
"882","203659","service_not_received","36.78","USD","open","2026-07-09T20:39:46.5418979+00:00"
"883","171528","service_not_received","124.49","USD","open","2026-07-02T18:23:46.5418979+00:00"
"884","173997","duplicate","113.88","USD","won","2026-08-05T17:00:46.5418979+00:00"
"885","195380","unauthorized","38.39","MXN","open","2026-06-24T17:39:46.5418979+00:00"
"886","136400","service_not_received","29.18","USD","lost","2026-08-15T00:35:46.5418979+00:00"
"887","48141","fraud","89.96","USD","open","2026-08-07T14:33:46.5418979+00:00"
"888","65135","service_not_received","113.82","USD","lost","2026-08-19T15:34:46.5418979+00:00"
"889","155952","fraud","59.29","MXN","won","2026-08-04T11:22:46.5418979+00:00"
"890","193568","duplicate","91.48","MXN","won","2026-07-12T16:32:46.5418979+00:00"
"891","187087","fraud","8.48","MXN","won","2026-07-11T18:35:46.5418979+00:00"
"892","174438","service_not_received","49.12","MXN","open","2026-06-25T01:37:46.5418979+00:00"
"893","178796","service_not_received","97.67","COP","lost","2026-08-10T12:13:46.5418979+00:00"
"894","249640","unauthorized","85.99","COP","won","2026-07-14T16:31:46.5418979+00:00"
"895","179964","fraud","44.49","COP","lost","2026-07-11T16:10:46.5418979+00:00"
"896","40483","unauthorized","118.29","COP","lost","2026-07-16T00:18:46.5418979+00:00"
"897","176433","fraud","118.44","USD","lost","2026-08-03T17:34:46.5418979+00:00"
"898","4636","fraud","60.5","COP","open","2026-06-21T17:03:46.5418979+00:00"
"899","159388","service_not_received","135.91","USD","won","2026-06-28T03:05:46.5418979+00:00"
"900","149509","service_not_received","87.23","COP","won","2026-07-28T16:43:46.5418979+00:00"
"901","42340","service_not_received","38.69","MXN","lost","2026-06-23T00:41:46.5418979+00:00"
"902","48938","service_not_received","109.36","COP","open","2026-08-10T18:58:46.5418979+00:00"
"903","203792","service_not_received","28.97","USD","won","2026-07-14T10:19:46.5418979+00:00"
"904","125382","service_not_received","69.72","USD","lost","2026-08-18T10:29:46.5418979+00:00"
"905","22500","unauthorized","100.45","MXN","lost","2026-07-24T08:28:46.5418979+00:00"
"906","248808","duplicate","125.46","COP","open","2026-07-09T20:42:46.5418979+00:00"
"907","183235","duplicate","17.76","COP","open","2026-07-06T21:36:46.5418979+00:00"
"908","117253","duplicate","11.46","USD","won","2026-07-29T21:59:46.5418979+00:00"
"909","110908","fraud","122.38","USD","won","2026-07-18T04:46:46.5418979+00:00"
"910","87974","duplicate","47.27","USD","lost","2026-08-03T23:19:46.5418979+00:00"
"911","221785","unauthorized","91.47","USD","lost","2026-07-18T04:46:46.5418979+00:00"
"912","43362","fraud","137.1","MXN","won","2026-08-06T11:30:46.5418979+00:00"
"913","163538","service_not_received","80.51","USD","lost","2026-07-18T16:58:46.5418979+00:00"
"914","227154","service_not_received","55.78","COP","won","2026-07-16T21:57:46.5418979+00:00"
"915","175653","fraud","35","MXN","lost","2026-07-22T10:15:46.5418979+00:00"
"916","140307","duplicate","24.63","MXN","won","2026-08-11T17:02:46.5418979+00:00"
"917","70471","service_not_received","87.78","USD","lost","2026-07-13T16:47:46.5418979+00:00"
"918","4418","duplicate","63.86","USD","open","2026-07-02T16:32:46.5418979+00:00"
"919","76749","service_not_received","97.39","USD","open","2026-07-08T17:58:46.5418979+00:00"
"920","107425","service_not_received","82.88","MXN","won","2026-07-15T02:22:46.5418979+00:00"
"921","177077","fraud","66.92","COP","lost","2026-07-09T05:03:46.5418979+00:00"
"922","50425","unauthorized","76.31","MXN","open","2026-06-19T22:23:46.5418979+00:00"
"923","114389","service_not_received","16.83","COP","won","2026-07-01T13:34:46.5418979+00:00"
"924","178351","duplicate","104.25","USD","open","2026-07-15T15:43:46.5418979+00:00"
"925","206597","service_not_received","81.17","COP","won","2026-08-08T00:32:46.5418979+00:00"
"926","59082","service_not_received","147.95","USD","open","2026-07-15T12:44:46.5418979+00:00"
"927","216844","unauthorized","144.71","COP","won","2026-07-11T08:16:46.5418979+00:00"
"928","25199","unauthorized","15.02","MXN","lost","2026-07-30T14:32:46.5418979+00:00"
"929","207158","fraud","79.59","MXN","won","2026-07-03T05:53:46.5418979+00:00"
"930","216304","duplicate","104.31","COP","lost","2026-06-23T07:01:46.5418979+00:00"
"931","64429","duplicate","43.87","USD","won","2026-08-10T17:59:46.5418979+00:00"
"932","79912","service_not_received","129.45","MXN","open","2026-08-16T00:15:46.5418979+00:00"
"933","118365","duplicate","56.43","USD","open","2026-07-08T17:04:46.5418979+00:00"
"934","81136","service_not_received","149.81","USD","lost","2026-07-30T15:00:46.5418979+00:00"
"935","104671","unauthorized","53.84","COP","open","2026-07-05T15:28:46.5418979+00:00"
"936","31657","duplicate","22.61","COP","lost","2026-06-25T12:21:46.5418979+00:00"
"937","201146","unauthorized","75.28","MXN","won","2026-08-03T14:35:46.5418979+00:00"
"938","73317","fraud","146.58","COP","open","2026-06-27T10:11:46.5418979+00:00"
"939","137195","service_not_received","20.33","USD","lost","2026-06-24T19:26:46.5418979+00:00"
"940","87383","service_not_received","5.86","COP","won","2026-08-13T11:44:46.5418979+00:00"
"941","134306","fraud","41.15","USD","lost","2026-07-13T02:01:46.5418979+00:00"
"942","215711","unauthorized","69.3","COP","lost","2026-08-14T02:55:46.5418979+00:00"
"943","32787","fraud","48.22","USD","lost","2026-06-21T13:16:46.5418979+00:00"
"944","234732","unauthorized","21.27","COP","open","2026-07-29T15:59:46.5418979+00:00"
"945","2764","service_not_received","60.71","COP","won","2026-08-18T13:13:46.5418979+00:00"
"946","26502","unauthorized","51.4","COP","won","2026-06-21T17:54:46.5418979+00:00"
"947","27941","unauthorized","91.02","MXN","lost","2026-06-23T01:36:46.5418979+00:00"
"948","21435","duplicate","40.89","USD","won","2026-07-09T19:39:46.5418979+00:00"
"949","188706","duplicate","131.59","USD","lost","2026-07-14T02:03:46.5418979+00:00"
"950","6027","duplicate","22.72","COP","won","2026-08-10T05:11:46.5418979+00:00"
"951","205088","unauthorized","121.65","MXN","lost","2026-07-15T08:05:46.5418979+00:00"
"952","234838","unauthorized","130.91","USD","lost","2026-08-18T05:43:46.5418979+00:00"
"953","22858","unauthorized","33.38","USD","open","2026-07-06T02:39:46.5527927+00:00"
"954","34002","duplicate","62.33","MXN","lost","2026-07-02T18:13:46.5527927+00:00"
"955","229518","duplicate","44.58","MXN","lost","2026-07-28T22:00:46.5527927+00:00"
"956","224068","unauthorized","45.52","COP","lost","2026-07-29T07:10:46.5527927+00:00"
"957","233444","service_not_received","113.09","COP","lost","2026-08-04T19:04:46.5527927+00:00"
"958","74793","duplicate","59.75","USD","open","2026-06-25T10:00:46.5527927+00:00"
"959","226305","unauthorized","56.96","MXN","lost","2026-07-03T02:26:46.5532233+00:00"
"960","10335","fraud","49.19","USD","won","2026-07-09T21:22:46.5532233+00:00"
"961","37325","duplicate","79.84","USD","open","2026-08-14T16:28:46.5532233+00:00"
"962","91986","fraud","55.9","MXN","lost","2026-07-19T16:11:46.5532233+00:00"
"963","137284","fraud","147.37","COP","lost","2026-06-30T11:00:46.5532233+00:00"
"964","28837","fraud","121.95","COP","lost","2026-07-13T00:32:46.5532233+00:00"
"965","126573","service_not_received","22.42","COP","won","2026-08-12T13:19:46.5532233+00:00"
"966","236740","service_not_received","25.42","MXN","won","2026-06-19T21:37:46.5532233+00:00"
"967","14962","duplicate","111.26","USD","lost","2026-06-19T20:50:46.5532233+00:00"
"968","38510","duplicate","7.39","USD","open","2026-08-15T21:24:46.5532233+00:00"
"969","132009","service_not_received","14.93","MXN","won","2026-08-09T02:44:46.5532233+00:00"
"970","24","fraud","128.45","USD","lost","2026-07-09T23:02:46.5532233+00:00"
"971","65016","duplicate","130.05","MXN","lost","2026-07-30T17:38:46.5532233+00:00"
"972","195133","unauthorized","98.14","USD","open","2026-08-14T02:16:46.5532233+00:00"
"973","228941","duplicate","11.95","COP","lost","2026-07-29T11:16:46.5532233+00:00"
"974","186360","duplicate","51.96","MXN","open","2026-07-20T00:40:46.5532233+00:00"
"975","159760","unauthorized","115.75","USD","open","2026-08-09T19:57:46.5532233+00:00"
"976","192606","service_not_received","94.07","MXN","won","2026-07-17T08:15:46.5532233+00:00"
"977","140526","unauthorized","62.61","USD","won","2026-08-19T11:15:46.5532233+00:00"
"978","20810","unauthorized","129.36","MXN","open","2026-07-26T06:52:46.5532233+00:00"
"979","39667","fraud","62.77","USD","won","2026-07-14T23:24:46.5532233+00:00"
"980","129896","unauthorized","141.4","MXN","lost","2026-07-14T07:57:46.5532233+00:00"
"981","245378","duplicate","147.13","USD","open","2026-07-29T19:32:46.5532233+00:00"
"982","176326","unauthorized","138.06","USD","open","2026-08-02T11:48:46.5532233+00:00"
"983","40627","duplicate","65.55","MXN","open","2026-08-12T02:11:46.5532233+00:00"
"984","70283","service_not_received","117.65","COP","open","2026-07-01T12:40:46.5532233+00:00"
"985","155871","service_not_received","91.52","MXN","won","2026-08-06T11:20:46.5532233+00:00"
"986","72522","unauthorized","77.82","MXN","won","2026-07-22T04:56:46.5532233+00:00"
"987","161287","service_not_received","36.44","MXN","open","2026-06-21T14:18:46.5532233+00:00"
"988","213297","unauthorized","133.62","MXN","won","2026-08-14T02:16:46.5532233+00:00"
"989","175455","duplicate","91.89","MXN","lost","2026-07-12T17:13:46.5532233+00:00"
"990","33263","service_not_received","17.42","MXN","won","2026-08-14T08:20:46.5552338+00:00"
"991","42658","service_not_received","23.74","MXN","won","2026-07-05T08:31:46.5552338+00:00"
"992","148635","service_not_received","110.44","MXN","open","2026-07-06T09:58:46.5552338+00:00"
"993","54481","service_not_received","116.79","USD","lost","2026-06-30T04:08:46.5552338+00:00"
"994","159113","duplicate","46.19","MXN","lost","2026-07-09T09:24:46.5552338+00:00"
"995","169146","fraud","46.86","USD","lost","2026-08-16T08:12:46.5552338+00:00"
"996","32566","unauthorized","11.91","COP","lost","2026-07-19T01:46:46.5552338+00:00"
"997","87106","unauthorized","27.27","USD","open","2026-08-13T17:49:46.5552338+00:00"
"998","3460","fraud","129.67","USD","won","2026-07-05T21:15:46.5552338+00:00"
"999","119706","unauthorized","113.94","USD","won","2026-08-05T11:00:46.5552338+00:00"
"1000","78059","unauthorized","19.24","COP","lost","2026-07-16T13:02:46.5552338+00:00"
"1001","164302","unauthorized","38.69","USD","won","2026-08-04T05:34:46.5552338+00:00"
"1002","28352","unauthorized","5.4","COP","open","2026-06-21T03:45:46.5552338+00:00"
"1003","49895","fraud","75.25","COP","lost","2026-07-28T18:03:46.5552338+00:00"
"1004","162901","unauthorized","105.33","MXN","lost","2026-08-17T02:43:46.5552338+00:00"
"1005","243023","service_not_received","101.66","MXN","won","2026-07-05T07:56:46.5552338+00:00"
"1006","134089","fraud","26.53","MXN","open","2026-07-26T16:49:46.5552338+00:00"
"1007","77534","service_not_received","108.01","MXN","open","2026-08-07T07:51:46.5552338+00:00"
"1008","232604","fraud","56.19","MXN","won","2026-06-24T02:05:46.5552338+00:00"
"1009","92092","service_not_received","133.51","MXN","open","2026-06-23T17:42:46.5552338+00:00"
"1010","192412","duplicate","61.13","MXN","open","2026-07-22T18:53:46.5552338+00:00"
"1011","7973","duplicate","34.43","USD","won","2026-06-23T07:24:46.5552338+00:00"
"1012","92555","duplicate","98.25","MXN","won","2026-06-29T23:33:46.5552338+00:00"
"1013","144312","fraud","24.68","COP","won","2026-07-20T15:47:46.5552338+00:00"
"1014","193047","duplicate","130.31","COP","lost","2026-07-03T13:41:46.5552338+00:00"
"1015","59871","fraud","78.81","USD","lost","2026-08-01T22:44:46.5552338+00:00"
"1016","50977","fraud","18.5","COP","open","2026-07-17T14:13:46.5552338+00:00"
"1017","144701","unauthorized","7.3","USD","open","2026-08-06T21:37:46.5552338+00:00"
"1018","80215","unauthorized","82.11","USD","open","2026-07-18T17:34:46.5572443+00:00"
"1019","65478","fraud","23.99","USD","open","2026-07-21T18:52:46.5572443+00:00"
"1020","86677","service_not_received","72.99","MXN","won","2026-08-14T13:56:46.5572443+00:00"
"1021","51477","unauthorized","41.86","USD","lost","2026-06-21T13:08:46.5572443+00:00"
"1022","73956","unauthorized","132.91","COP","lost","2026-07-10T07:29:46.5572443+00:00"
"1023","45243","duplicate","103.99","USD","won","2026-07-06T02:03:46.5572443+00:00"
"1024","217911","service_not_received","117.71","MXN","lost","2026-07-25T12:56:46.5572443+00:00"
"1025","180747","duplicate","130.97","USD","open","2026-06-25T19:52:46.5572443+00:00"
"1026","249324","fraud","8.13","MXN","won","2026-08-19T03:28:46.5572443+00:00"
"1027","87773","unauthorized","32.17","COP","won","2026-06-20T20:41:46.5572443+00:00"
"1028","77023","fraud","30.97","USD","open","2026-07-17T08:17:46.5572443+00:00"
"1029","211884","service_not_received","30.16","MXN","lost","2026-08-07T06:52:46.5572443+00:00"
"1030","162865","duplicate","23.05","USD","lost","2026-08-03T03:17:46.5572443+00:00"
"1031","46833","fraud","42.32","COP","open","2026-08-05T20:25:46.5572443+00:00"
"1032","124810","duplicate","126.98","USD","lost","2026-07-01T13:43:46.5572443+00:00"
"1033","201158","fraud","77.29","COP","lost","2026-08-13T19:01:46.5572443+00:00"
"1034","94041","unauthorized","42.62","USD","lost","2026-07-20T22:07:46.5572443+00:00"
"1035","157485","duplicate","127.36","USD","open","2026-07-30T00:32:46.5572443+00:00"
"1036","205149","duplicate","142.41","MXN","won","2026-08-02T02:19:46.5572443+00:00"
"1037","77539","service_not_received","79.43","MXN","lost","2026-07-15T16:04:46.5590574+00:00"
"1038","47896","fraud","88.23","USD","lost","2026-06-29T19:09:46.5590574+00:00"
"1039","161427","unauthorized","76.3","MXN","lost","2026-06-21T12:42:46.5590574+00:00"
"1040","121638","unauthorized","22.43","MXN","open","2026-07-19T22:04:46.5590574+00:00"
"1041","79889","duplicate","106.19","USD","lost","2026-08-09T10:06:46.5596997+00:00"
"1042","67553","service_not_received","138.09","USD","lost","2026-07-31T00:09:46.5596997+00:00"
"1043","132645","unauthorized","112.98","MXN","lost","2026-08-08T19:50:46.5596997+00:00"
"1044","136023","fraud","17.8","COP","won","2026-07-11T17:28:46.5596997+00:00"
"1045","82768","duplicate","6.49","MXN","open","2026-07-06T15:42:46.5596997+00:00"
"1046","134978","duplicate","24.08","USD","open","2026-06-22T00:00:46.5596997+00:00"
"1047","48884","fraud","131.46","USD","lost","2026-08-06T10:01:46.5596997+00:00"
"1048","137040","duplicate","95.32","COP","open","2026-07-29T01:32:46.5596997+00:00"
"1049","198091","fraud","129.23","USD","open","2026-08-10T18:21:46.5596997+00:00"
"1050","226484","duplicate","7.95","MXN","open","2026-07-11T09:34:46.5596997+00:00"
"1051","90422","unauthorized","107.79","MXN","lost","2026-07-04T18:03:46.5596997+00:00"
"1052","50207","unauthorized","148.51","COP","open","2026-08-13T06:59:46.5596997+00:00"
"1053","210287","duplicate","67.18","COP","open","2026-07-25T20:06:46.5596997+00:00"
"1054","60528","fraud","48.24","MXN","open","2026-06-24T13:16:46.5596997+00:00"
"1055","22934","fraud","86.55","USD","won","2026-08-03T20:07:46.5596997+00:00"
"1056","78106","service_not_received","16.73","MXN","open","2026-08-11T23:22:46.5596997+00:00"
"1057","225611","unauthorized","80.28","MXN","open","2026-07-23T04:12:46.5596997+00:00"
"1058","19259","service_not_received","18.67","COP","won","2026-07-23T18:53:46.5596997+00:00"
"1059","191958","fraud","101.53","USD","won","2026-08-07T03:35:46.5596997+00:00"
"1060","157669","duplicate","79.43","MXN","open","2026-07-25T19:02:46.5596997+00:00"
"1061","93660","service_not_received","89.42","MXN","won","2026-07-16T23:31:46.5596997+00:00"
"1062","133806","service_not_received","17.78","USD","open","2026-08-09T01:17:46.5596997+00:00"
"1063","209092","unauthorized","103.48","USD","won","2026-07-13T09:28:46.5596997+00:00"
"1064","77845","unauthorized","137.7","COP","lost","2026-08-11T01:29:46.5596997+00:00"
"1065","183077","unauthorized","51.4","COP","lost","2026-07-16T19:57:46.5596997+00:00"
"1066","104001","fraud","83.23","COP","open","2026-07-18T06:42:46.5632509+00:00"
"1067","199180","service_not_received","79.37","MXN","lost","2026-06-27T23:24:46.5632509+00:00"
"1068","62274","unauthorized","12.05","MXN","won","2026-06-28T22:46:46.5632509+00:00"
"1069","246386","duplicate","44.24","USD","lost","2026-07-12T15:52:46.5632509+00:00"
"1070","235279","duplicate","97.36","MXN","open","2026-07-31T02:22:46.5632509+00:00"
"1071","131197","duplicate","10.53","USD","won","2026-08-12T17:17:46.5632509+00:00"
"1072","76362","service_not_received","106.83","COP","won","2026-07-26T02:35:46.5632509+00:00"
"1073","77906","fraud","142.82","COP","open","2026-08-06T02:00:46.5632509+00:00"
"1074","154053","fraud","89.1","USD","open","2026-08-04T23:13:46.5632509+00:00"
"1075","80209","duplicate","141.93","USD","lost","2026-07-24T21:17:46.5632509+00:00"
"1076","115016","duplicate","133.83","USD","lost","2026-08-15T21:37:46.5632509+00:00"
"1077","221904","fraud","22.62","COP","won","2026-06-28T03:51:46.5643196+00:00"
"1078","213411","unauthorized","103.67","MXN","won","2026-07-08T01:05:46.5646350+00:00"
"1079","223569","unauthorized","98.27","USD","won","2026-07-25T21:16:46.5646350+00:00"
"1080","99104","fraud","41.19","COP","open","2026-07-31T10:36:46.5646350+00:00"
"1081","110376","fraud","58.73","USD","open","2026-07-05T02:42:46.5646350+00:00"
"1082","183343","service_not_received","52.34","COP","lost","2026-07-29T07:24:46.5651454+00:00"
"1083","189406","unauthorized","61.92","USD","won","2026-07-17T13:40:46.5651454+00:00"
"1084","72567","fraud","82.43","USD","won","2026-07-08T16:37:46.5651454+00:00"
"1085","164607","fraud","145.04","MXN","open","2026-07-20T17:00:46.5651454+00:00"
"1086","50041","fraud","78.18","COP","open","2026-06-29T13:07:46.5651454+00:00"
"1087","177291","duplicate","19.01","MXN","lost","2026-08-16T12:16:46.5651454+00:00"
"1088","236027","unauthorized","131.66","COP","open","2026-08-02T20:06:46.5651454+00:00"
"1089","166602","unauthorized","43.35","MXN","won","2026-06-27T05:53:46.5651454+00:00"
"1090","214502","fraud","145.29","USD","open","2026-08-03T05:43:46.5651454+00:00"
"1091","14356","duplicate","90.21","USD","won","2026-07-23T01:33:46.5658898+00:00"
"1092","244130","fraud","83.79","MXN","won","2026-08-14T17:14:46.5658898+00:00"
"1093","82910","duplicate","26.26","USD","won","2026-07-16T23:19:46.5658898+00:00"
"1094","10683","unauthorized","100.2","COP","open","2026-06-24T19:30:46.5658898+00:00"
"1095","114737","duplicate","125.63","COP","lost","2026-07-06T04:57:46.5658898+00:00"
"1096","44644","service_not_received","97.03","USD","open","2026-06-19T23:22:46.5658898+00:00"
"1097","73762","fraud","135.5","MXN","open","2026-08-10T19:39:46.5658898+00:00"
"1098","204329","unauthorized","17.1","COP","lost","2026-06-24T04:06:46.5658898+00:00"
"1099","54776","unauthorized","147.9","USD","open","2026-08-06T10:33:46.5658898+00:00"
"1100","242094","unauthorized","19.72","COP","lost","2026-07-29T04:07:46.5658898+00:00"
"1101","36766","unauthorized","61.51","USD","open","2026-08-04T03:50:46.5658898+00:00"
"1102","143851","duplicate","136.28","COP","won","2026-07-07T06:54:46.5658898+00:00"
"1103","35536","service_not_received","18.21","MXN","open","2026-07-20T03:05:46.5658898+00:00"
"1104","198693","duplicate","95.91","USD","open","2026-06-24T02:42:46.5658898+00:00"
"1105","60159","fraud","93.92","COP","won","2026-07-22T14:12:46.5658898+00:00"
"1106","86136","service_not_received","91.79","COP","open","2026-07-31T16:54:46.5658898+00:00"
"1107","133244","unauthorized","118.43","MXN","open","2026-08-16T15:31:46.5658898+00:00"
"1108","79350","duplicate","41.63","COP","won","2026-07-30T09:31:46.5658898+00:00"
"1109","186449","duplicate","105.55","MXN","open","2026-07-21T22:29:46.5677375+00:00"
"1110","130409","fraud","20.33","MXN","lost","2026-07-10T21:40:46.5677375+00:00"
"1111","81670","duplicate","100.74","USD","open","2026-08-05T11:59:46.5677375+00:00"
"1112","807","unauthorized","94.39","USD","open","2026-07-30T09:09:46.5677375+00:00"
"1113","96965","unauthorized","28.61","COP","won","2026-07-28T13:06:46.5677375+00:00"
"1114","33760","fraud","124.86","USD","lost","2026-07-07T21:29:46.5677375+00:00"
"1115","140215","unauthorized","62.1","USD","lost","2026-08-14T04:39:46.5677375+00:00"
"1116","63000","service_not_received","92.02","USD","lost","2026-07-20T05:58:46.5677375+00:00"
"1117","199136","fraud","143.68","COP","won","2026-06-26T19:12:46.5677375+00:00"
"1118","57956","service_not_received","12.87","USD","won","2026-08-16T10:51:46.5677375+00:00"
"1119","53421","unauthorized","100.6","MXN","lost","2026-08-15T08:52:46.5677375+00:00"
"1120","115655","service_not_received","94.79","USD","lost","2026-08-19T11:31:46.5677375+00:00"
"1121","164207","service_not_received","54.44","COP","lost","2026-07-01T11:29:46.5677375+00:00"
"1122","225120","duplicate","8.08","USD","open","2026-07-23T13:58:46.5677375+00:00"
"1123","70974","duplicate","139.48","COP","lost","2026-08-19T09:26:46.5677375+00:00"
"1124","194159","service_not_received","74.74","COP","open","2026-07-04T11:56:46.5677375+00:00"
"1125","98441","duplicate","60.48","COP","lost","2026-07-28T02:45:46.5677375+00:00"
"1126","186302","unauthorized","84.64","MXN","open","2026-08-05T10:09:46.5677375+00:00"
"1127","137377","duplicate","124.05","MXN","open","2026-08-01T20:30:46.5677375+00:00"
"1128","94469","service_not_received","15.95","USD","open","2026-07-28T07:01:46.5677375+00:00"
"1129","57203","unauthorized","104.58","MXN","open","2026-07-30T04:15:46.5677375+00:00"
"1130","176961","service_not_received","29.52","COP","won","2026-07-05T00:38:46.5677375+00:00"
"1131","99069","duplicate","45.28","COP","lost","2026-07-06T13:03:46.5677375+00:00"
"1132","152115","service_not_received","62.43","USD","open","2026-07-20T14:47:46.5677375+00:00"
"1133","143157","duplicate","45.15","USD","won","2026-07-10T17:56:46.5677375+00:00"
"1134","235601","unauthorized","116.33","MXN","open","2026-06-22T11:32:46.5677375+00:00"
"1135","241102","service_not_received","103.46","COP","open","2026-07-16T11:39:46.5677375+00:00"
"1136","160470","service_not_received","6.95","MXN","lost","2026-07-27T01:57:46.5677375+00:00"
"1137","109759","unauthorized","45.51","USD","won","2026-07-25T16:24:46.5677375+00:00"
"1138","133397","fraud","135.47","USD","lost","2026-07-13T16:30:46.5677375+00:00"
"1139","133032","unauthorized","23.41","COP","lost","2026-08-06T10:09:46.5677375+00:00"
"1140","53889","unauthorized","95.31","COP","won","2026-07-14T09:36:46.5677375+00:00"
"1141","76338","service_not_received","21.97","USD","lost","2026-08-10T12:35:46.5677375+00:00"
"1142","141980","unauthorized","51.44","USD","lost","2026-08-09T03:07:46.5677375+00:00"
"1143","150937","duplicate","122.28","USD","open","2026-06-29T06:57:46.5677375+00:00"
"1144","126754","duplicate","125.04","COP","lost","2026-08-19T12:13:46.5677375+00:00"
"1145","192110","duplicate","109.9","MXN","won","2026-07-10T16:47:46.5677375+00:00"
"1146","153950","service_not_received","32.47","COP","lost","2026-08-04T08:07:46.5677375+00:00"
"1147","56985","service_not_received","58.57","USD","lost","2026-08-12T09:42:46.5677375+00:00"
"1148","46216","unauthorized","124.26","MXN","open","2026-07-22T20:36:46.5677375+00:00"
"1149","198504","duplicate","43.52","USD","won","2026-08-10T02:12:46.5677375+00:00"
"1150","94305","duplicate","84.42","COP","won","2026-07-21T08:54:46.5677375+00:00"
"1151","234884","unauthorized","73.49","USD","won","2026-06-28T12:31:46.5677375+00:00"
"1152","14122","duplicate","35.3","MXN","lost","2026-07-15T15:00:46.5677375+00:00"
"1153","189765","service_not_received","20.63","MXN","lost","2026-08-19T02:05:46.5677375+00:00"
"1154","2057","duplicate","134.24","MXN","won","2026-07-14T20:27:46.5677375+00:00"
"1155","150333","service_not_received","71.6","MXN","lost","2026-07-13T17:13:46.5677375+00:00"
"1156","59032","service_not_received","43.46","USD","lost","2026-06-20T13:22:46.5711300+00:00"
"1157","94967","duplicate","142.21","USD","won","2026-07-03T09:14:46.5711300+00:00"
"1158","43717","duplicate","32.14","USD","lost","2026-07-02T14:41:46.5711300+00:00"
"1159","118556","service_not_received","145.87","USD","open","2026-07-20T12:00:46.5711300+00:00"
"1160","172467","fraud","46.65","MXN","lost","2026-07-24T13:09:46.5711300+00:00"
"1161","73077","fraud","146.74","USD","won","2026-07-04T07:20:46.5711300+00:00"
"1162","74342","service_not_received","58.97","MXN","won","2026-07-06T16:43:46.5711300+00:00"
"1163","138903","unauthorized","106.67","MXN","open","2026-06-27T23:17:46.5711300+00:00"
"1164","50614","unauthorized","55.4","USD","won","2026-06-25T11:25:46.5711300+00:00"
"1165","65778","fraud","138.91","COP","lost","2026-06-26T20:26:46.5711300+00:00"
"1166","40767","fraud","144.8","MXN","open","2026-07-13T22:11:46.5711300+00:00"
"1167","52489","unauthorized","122.19","COP","lost","2026-07-07T16:44:46.5711300+00:00"
"1168","106074","fraud","148.53","COP","won","2026-08-11T08:46:46.5711300+00:00"
"1169","89151","service_not_received","51.57","USD","lost","2026-08-14T00:29:46.5711300+00:00"
"1170","240277","unauthorized","45.39","COP","lost","2026-08-13T22:33:46.5711300+00:00"
"1171","12264","duplicate","147.85","MXN","open","2026-08-06T15:35:46.5711300+00:00"
"1172","46253","duplicate","70.03","COP","lost","2026-06-20T09:08:46.5711300+00:00"
"1173","206055","service_not_received","38.73","MXN","open","2026-07-20T12:02:46.5711300+00:00"
"1174","52196","fraud","149.09","COP","won","2026-08-12T03:49:46.5711300+00:00"
"1175","89526","duplicate","120.97","USD","open","2026-07-09T09:01:46.5711300+00:00"
"1176","152241","service_not_received","13.16","USD","won","2026-06-23T20:11:46.5711300+00:00"
"1177","168789","duplicate","12.03","USD","lost","2026-08-05T08:37:46.5711300+00:00"
"1178","49389","unauthorized","69.28","COP","open","2026-08-03T13:05:46.5711300+00:00"
"1179","240851","fraud","56.19","MXN","open","2026-08-02T20:01:46.5711300+00:00"
"1180","69639","fraud","134.99","MXN","won","2026-06-27T04:52:46.5711300+00:00"
"1181","82408","fraud","15.05","USD","open","2026-08-07T05:02:46.5711300+00:00"
"1182","14539","duplicate","126.23","USD","open","2026-07-30T18:49:46.5711300+00:00"
"1183","147740","unauthorized","53.83","MXN","won","2026-07-31T20:45:46.5711300+00:00"
"1184","99135","unauthorized","11.91","COP","won","2026-07-02T13:50:46.5711300+00:00"
"1185","97842","fraud","97.97","USD","open","2026-08-19T15:24:46.5711300+00:00"
"1186","153942","fraud","68.9","COP","won","2026-07-15T17:12:46.5711300+00:00"
"1187","48122","service_not_received","140.79","MXN","won","2026-06-22T23:08:46.5711300+00:00"
"1188","55830","service_not_received","114.89","USD","open","2026-07-04T21:54:46.5731974+00:00"
"1189","36040","service_not_received","135.47","USD","lost","2026-07-08T12:34:46.5731974+00:00"
"1190","246823","service_not_received","138.43","MXN","lost","2026-06-27T16:20:46.5731974+00:00"
"1191","245216","fraud","86.11","COP","lost","2026-07-10T21:42:46.5731974+00:00"
"1192","109416","service_not_received","148.37","MXN","open","2026-06-30T01:17:46.5731974+00:00"
"1193","113789","fraud","119.5","COP","lost","2026-06-29T09:40:46.5731974+00:00"
"1194","107177","duplicate","72.9","COP","open","2026-07-27T11:48:46.5731974+00:00"
"1195","176878","unauthorized","32.29","USD","open","2026-06-20T06:40:46.5731974+00:00"
"1196","184376","duplicate","97.44","USD","lost","2026-07-14T08:00:46.5731974+00:00"
"1197","243896","fraud","132.64","COP","open","2026-08-17T13:01:46.5731974+00:00"
"1198","204710","fraud","56.1","MXN","open","2026-07-01T06:06:46.5731974+00:00"
"1199","109059","service_not_received","124.97","USD","won","2026-07-17T23:42:46.5731974+00:00"
"1200","196929","duplicate","31.83","USD","open","2026-08-06T20:20:46.5731974+00:00"
"1201","2350","duplicate","148.21","COP","won","2026-07-20T08:29:46.5731974+00:00"
"1202","194420","fraud","40.62","USD","won","2026-06-27T08:14:46.5731974+00:00"
"1203","3774","service_not_received","97.2","USD","lost","2026-08-18T03:43:46.5731974+00:00"
"1204","86849","duplicate","133.69","COP","lost","2026-06-23T17:32:46.5731974+00:00"
"1205","66704","service_not_received","78.13","COP","lost","2026-07-23T02:13:46.5731974+00:00"
"1206","82650","fraud","82.8","MXN","open","2026-07-14T20:15:46.5731974+00:00"
"1207","246222","duplicate","35.19","MXN","won","2026-07-07T14:11:46.5731974+00:00"
"1208","199957","service_not_received","96.06","USD","won","2026-07-18T20:19:46.5731974+00:00"
"1209","29419","service_not_received","128.61","USD","won","2026-07-24T13:36:46.5731974+00:00"
"1210","7797","service_not_received","113.68","MXN","won","2026-06-24T12:23:46.5731974+00:00"
"1211","152065","unauthorized","119.37","MXN","lost","2026-08-01T14:36:46.5731974+00:00"
"1212","114730","service_not_received","15.17","USD","lost","2026-07-22T08:21:46.5731974+00:00"
"1213","86020","service_not_received","73.93","MXN","lost","2026-07-08T03:37:46.5731974+00:00"
"1214","42237","service_not_received","90.73","COP","lost","2026-07-23T04:17:46.5731974+00:00"
"1215","100999","unauthorized","73.51","MXN","lost","2026-08-06T13:21:46.5731974+00:00"
"1216","144061","duplicate","101.39","COP","won","2026-06-30T22:36:46.5731974+00:00"
"1217","92797","unauthorized","43.7","COP","won","2026-07-21T14:14:46.5731974+00:00"
"1218","112653","fraud","66.17","USD","lost","2026-08-08T02:09:46.5731974+00:00"
"1219","6858","fraud","131.74","COP","lost","2026-07-08T15:02:46.5762117+00:00"
"1220","141684","service_not_received","17.71","MXN","open","2026-07-09T11:48:46.5762117+00:00"
"1221","230526","fraud","76.96","USD","open","2026-07-08T05:14:46.5762117+00:00"
"1222","202998","service_not_received","31.04","MXN","lost","2026-08-16T13:46:46.5762117+00:00"
"1223","177607","service_not_received","125.07","USD","lost","2026-07-04T02:29:46.5762117+00:00"
"1224","215309","fraud","38.75","COP","won","2026-07-12T18:23:46.5762117+00:00"
"1225","18156","fraud","26.82","COP","lost","2026-07-15T20:50:46.5762117+00:00"
"1226","188448","unauthorized","28.16","MXN","won","2026-07-14T08:39:46.5762117+00:00"
"1227","144796","service_not_received","108.64","MXN","lost","2026-06-20T07:00:46.5782269+00:00"
"1228","117338","unauthorized","28.7","USD","won","2026-07-10T03:58:46.5782269+00:00"
"1229","165393","duplicate","65.03","COP","lost","2026-07-26T00:01:46.5782269+00:00"
"1230","208215","duplicate","66.98","COP","won","2026-08-12T12:53:46.5782269+00:00"
"1231","207127","service_not_received","33.59","COP","lost","2026-07-18T18:05:46.5782269+00:00"
"1232","164517","unauthorized","36.68","COP","won","2026-07-02T20:04:46.5782269+00:00"
"1233","106037","unauthorized","118.47","USD","open","2026-07-15T01:59:46.5782269+00:00"
"1234","248050","service_not_received","82.68","MXN","won","2026-07-25T02:48:46.5782269+00:00"
"1235","166096","unauthorized","35.29","COP","won","2026-06-30T10:01:46.5782269+00:00"
"1236","118544","duplicate","15.87","COP","open","2026-06-28T23:07:46.5782269+00:00"
"1237","155721","duplicate","87.05","MXN","won","2026-08-17T13:55:46.5782269+00:00"
"1238","25259","fraud","107.4","MXN","lost","2026-07-15T03:55:46.5782269+00:00"
"1239","104150","unauthorized","34.28","MXN","won","2026-08-12T00:34:46.5782269+00:00"
"1240","170609","service_not_received","97.7","COP","won","2026-07-07T17:00:46.5782269+00:00"
"1241","205837","duplicate","110.69","USD","lost","2026-06-23T15:32:46.5782269+00:00"
"1242","200439","unauthorized","98.31","MXN","open","2026-06-23T12:16:46.5782269+00:00"
"1243","203760","unauthorized","77.29","USD","won","2026-08-05T04:40:46.5813217+00:00"
"1244","175432","unauthorized","142.22","COP","won","2026-08-03T22:45:46.5813217+00:00"
"1245","5668","service_not_received","79.49","MXN","lost","2026-08-02T06:41:46.5813217+00:00"
"1246","212493","service_not_received","107.27","MXN","won","2026-08-08T04:25:46.5813217+00:00"
"1247","124076","service_not_received","9.33","COP","open","2026-07-09T03:34:46.5813217+00:00"
"1248","5182","fraud","81.66","COP","lost","2026-07-31T10:36:46.5813217+00:00"
"1249","58075","fraud","66.05","MXN","won","2026-07-11T14:38:46.5813217+00:00"
"1250","113928","fraud","72.51","USD","won","2026-06-28T15:39:46.5813217+00:00"
"1251","124915","fraud","33.06","MXN","open","2026-08-16T11:49:46.5813217+00:00"
"1252","7947","unauthorized","74.36","MXN","lost","2026-07-20T04:38:46.5813217+00:00"
"1253","91398","fraud","60.08","USD","lost","2026-06-26T08:19:46.5813217+00:00"
"1254","173779","service_not_received","36.41","USD","open","2026-07-22T15:00:46.5813217+00:00"
"1255","55396","fraud","60.72","COP","open","2026-07-17T07:59:46.5813217+00:00"
"1256","11175","fraud","83.32","MXN","open","2026-07-23T21:12:46.5813217+00:00"
"1257","134536","unauthorized","104.8","MXN","won","2026-07-02T22:33:46.5813217+00:00"
"1258","228447","duplicate","145.16","COP","lost","2026-08-18T12:36:46.5813217+00:00"
"1259","219124","duplicate","62.11","COP","open","2026-07-08T06:21:46.5813217+00:00"
"1260","203328","fraud","33.42","COP","won","2026-07-01T23:54:46.5813217+00:00"
"1261","183199","duplicate","98.12","USD","lost","2026-07-09T23:42:46.5813217+00:00"
"1262","67029","unauthorized","130.71","COP","won","2026-07-13T09:08:46.5813217+00:00"
"1263","237957","unauthorized","96.32","COP","open","2026-08-17T19:19:46.5813217+00:00"
"1264","138217","unauthorized","87.5","USD","won","2026-08-16T11:02:46.5813217+00:00"
"1265","168007","service_not_received","147.45","MXN","won","2026-06-27T21:57:46.5833343+00:00"
"1266","156663","unauthorized","73.95","USD","lost","2026-07-14T10:58:46.5833343+00:00"
"1267","220304","fraud","111.75","MXN","open","2026-07-01T10:27:46.5833343+00:00"
"1268","103888","unauthorized","109.34","COP","open","2026-07-24T18:57:46.5833343+00:00"
"1269","135884","service_not_received","21.58","COP","won","2026-07-05T01:04:46.5833343+00:00"
"1270","46326","duplicate","38.45","USD","won","2026-07-18T16:13:46.5833343+00:00"
"1271","163219","duplicate","61.12","MXN","open","2026-06-27T16:18:46.5833343+00:00"
"1272","119813","duplicate","29.59","MXN","open","2026-06-26T13:57:46.5833343+00:00"
"1273","16974","duplicate","119","USD","won","2026-07-30T03:01:46.5833343+00:00"
"1274","129621","service_not_received","34.02","COP","won","2026-08-12T12:15:46.5833343+00:00"
"1275","201794","unauthorized","40.92","COP","open","2026-07-21T18:28:46.5833343+00:00"
"1276","196775","duplicate","63.65","MXN","won","2026-08-14T16:52:46.5833343+00:00"
"1277","79359","fraud","8.93","USD","lost","2026-06-25T04:51:46.5833343+00:00"
"1278","206620","fraud","133.65","COP","won","2026-08-06T09:49:46.5833343+00:00"
"1279","29546","duplicate","115.46","MXN","won","2026-07-27T11:34:46.5833343+00:00"
"1280","94838","fraud","48.93","USD","lost","2026-08-08T02:43:46.5833343+00:00"
"1281","169205","unauthorized","66.2","MXN","open","2026-06-27T11:16:46.5833343+00:00"
"1282","77380","unauthorized","135","COP","won","2026-08-07T15:35:46.5833343+00:00"
"1283","248182","fraud","40.72","USD","open","2026-07-14T00:13:46.5833343+00:00"
"1284","212001","duplicate","136.17","MXN","won","2026-08-05T06:31:46.5833343+00:00"
"1285","170340","duplicate","5.97","COP","lost","2026-07-08T10:55:46.5833343+00:00"
"1286","23410","unauthorized","13.04","COP","won","2026-07-27T15:59:46.5833343+00:00"
"1287","16153","service_not_received","39.26","COP","lost","2026-08-04T14:05:46.5833343+00:00"
"1288","61548","duplicate","108.79","COP","lost","2026-07-17T10:05:46.5833343+00:00"
"1289","139523","duplicate","19.92","USD","open","2026-08-01T21:52:46.5833343+00:00"
"1290","201866","fraud","35.61","MXN","won","2026-06-22T05:42:46.5833343+00:00"
"1291","103321","service_not_received","86.93","COP","lost","2026-07-19T23:44:46.5833343+00:00"
"1292","83519","unauthorized","78.36","USD","lost","2026-07-15T09:37:46.5833343+00:00"
"1293","143348","unauthorized","26.36","USD","open","2026-06-26T16:22:46.5833343+00:00"
"1294","241009","unauthorized","15.66","COP","open","2026-07-10T03:52:46.5833343+00:00"
"1295","9679","duplicate","42.73","USD","lost","2026-07-25T15:06:46.5833343+00:00"
"1296","139431","service_not_received","120.68","USD","lost","2026-07-22T08:55:46.5833343+00:00"
"1297","181188","service_not_received","132.95","MXN","lost","2026-08-06T11:38:46.5853498+00:00"
"1298","187260","unauthorized","136.62","USD","won","2026-07-04T07:29:46.5853498+00:00"
"1299","97330","fraud","44.3","COP","open","2026-08-17T03:00:46.5853498+00:00"
"1300","223682","fraud","102.37","MXN","open","2026-07-07T15:39:46.5853498+00:00"
"1301","161360","unauthorized","36.09","MXN","lost","2026-06-21T04:20:46.5853498+00:00"
"1302","22485","service_not_received","76.19","USD","won","2026-08-17T00:22:46.5853498+00:00"
"1303","78656","fraud","132.62","MXN","open","2026-07-15T17:28:46.5853498+00:00"
"1304","23063","service_not_received","102.09","COP","won","2026-07-16T06:07:46.5853498+00:00"
"1305","193364","duplicate","63.4","MXN","won","2026-06-20T18:45:46.5853498+00:00"
"1306","180108","duplicate","97.65","MXN","won","2026-07-28T00:18:46.5853498+00:00"
"1307","111397","unauthorized","47.07","COP","lost","2026-07-23T09:05:46.5853498+00:00"
"1308","229956","service_not_received","48","USD","open","2026-07-03T09:38:46.5853498+00:00"
"1309","71809","duplicate","66.53","USD","won","2026-08-16T09:49:46.5853498+00:00"
"1310","57379","duplicate","127.34","COP","lost","2026-07-30T12:26:46.5853498+00:00"
"1311","21345","unauthorized","44.63","COP","open","2026-07-21T10:50:46.5853498+00:00"
"1312","23047","duplicate","101.11","USD","lost","2026-06-29T13:13:46.5853498+00:00"
"1313","45075","fraud","47.87","USD","lost","2026-07-18T10:46:46.5853498+00:00"
"1314","155425","unauthorized","111.14","MXN","won","2026-07-15T12:35:46.5853498+00:00"
"1315","95899","service_not_received","144.9","MXN","won","2026-07-14T09:21:46.5853498+00:00"
"1316","60719","fraud","7.09","USD","won","2026-08-05T00:46:46.5853498+00:00"
"1317","88085","unauthorized","85.94","COP","open","2026-08-16T21:37:46.5853498+00:00"
"1318","145220","unauthorized","12.6","USD","lost","2026-06-28T22:38:46.5853498+00:00"
"1319","47780","fraud","97.19","USD","lost","2026-07-13T05:35:46.5853498+00:00"
"1320","215308","duplicate","128.36","COP","won","2026-06-23T16:46:46.5853498+00:00"
"1321","76044","duplicate","6.92","COP","open","2026-07-31T03:49:46.5853498+00:00"
"1322","200856","duplicate","137.48","MXN","won","2026-06-24T14:46:46.5873629+00:00"
"1323","91460","duplicate","21.03","USD","won","2026-07-17T03:25:46.5873629+00:00"
"1324","111202","unauthorized","144.12","MXN","open","2026-06-24T15:30:46.5873629+00:00"
"1325","222548","service_not_received","7.08","MXN","lost","2026-08-18T03:17:46.5873629+00:00"
"1326","134726","duplicate","49.04","MXN","lost","2026-06-29T15:14:46.5873629+00:00"
"1327","108763","duplicate","75.58","USD","lost","2026-07-08T20:24:46.5873629+00:00"
"1328","210630","duplicate","42.77","USD","won","2026-06-20T12:17:46.5873629+00:00"
"1329","97044","duplicate","109.91","COP","lost","2026-07-11T02:49:46.5873629+00:00"
"1330","248613","fraud","117.39","USD","open","2026-08-17T15:33:46.5873629+00:00"
"1331","234258","fraud","21.83","COP","won","2026-08-18T19:57:46.5873629+00:00"
"1332","217843","duplicate","86.22","MXN","lost","2026-07-22T03:37:46.5873629+00:00"
"1333","41220","duplicate","16.05","MXN","open","2026-08-10T15:23:46.5873629+00:00"
"1334","220542","fraud","9.48","MXN","lost","2026-07-20T03:21:46.5873629+00:00"
"1335","61838","service_not_received","20.05","USD","lost","2026-07-27T05:46:46.5873629+00:00"
"1336","105474","service_not_received","6.46","MXN","open","2026-08-18T02:38:46.5873629+00:00"
"1337","180907","fraud","23.97","COP","lost","2026-07-15T04:23:46.5873629+00:00"
"1338","5693","duplicate","130.39","USD","lost","2026-08-04T08:47:46.5873629+00:00"
"1339","183642","unauthorized","49.15","USD","won","2026-08-07T23:23:46.5873629+00:00"
"1340","242652","service_not_received","8.24","MXN","open","2026-07-29T23:18:46.5873629+00:00"
"1341","141511","duplicate","128.98","COP","won","2026-07-07T19:30:46.5873629+00:00"
"1342","39209","duplicate","49.14","MXN","won","2026-08-10T07:00:46.5873629+00:00"
"1343","52397","service_not_received","139.88","MXN","lost","2026-07-22T11:37:46.5893804+00:00"
"1344","137921","duplicate","128.14","USD","won","2026-06-26T00:29:46.5893804+00:00"
"1345","160949","unauthorized","109.77","MXN","won","2026-07-12T16:07:46.5893804+00:00"
"1346","230023","service_not_received","143.38","USD","lost","2026-08-11T09:21:46.5893804+00:00"
"1347","68810","unauthorized","61.48","MXN","won","2026-07-29T13:04:46.5893804+00:00"
"1348","80381","duplicate","23.47","USD","lost","2026-07-16T13:54:46.5893804+00:00"
"1349","172447","service_not_received","135.02","MXN","won","2026-06-22T21:34:46.5893804+00:00"
"1350","156382","unauthorized","65.09","USD","won","2026-08-11T00:44:46.5893804+00:00"
"1351","26148","fraud","149.83","COP","won","2026-08-12T09:52:46.5893804+00:00"
"1352","212016","service_not_received","27.06","USD","won","2026-06-20T11:48:46.5893804+00:00"
"1353","136956","service_not_received","54.88","USD","open","2026-07-06T07:49:46.5893804+00:00"
"1354","25180","unauthorized","133.48","MXN","lost","2026-08-14T01:59:46.5893804+00:00"
"1355","165955","service_not_received","136.3","COP","won","2026-07-26T21:35:46.5893804+00:00"
"1356","90209","service_not_received","103.11","COP","lost","2026-07-09T13:32:46.5893804+00:00"
"1357","177825","fraud","80.57","COP","lost","2026-07-26T11:47:46.5893804+00:00"
"1358","167312","service_not_received","92.61","COP","open","2026-07-05T07:24:46.5893804+00:00"
"1359","9713","unauthorized","66.19","COP","open","2026-07-27T22:00:46.5893804+00:00"
"1360","234962","unauthorized","134.9","MXN","open","2026-07-17T02:44:46.5893804+00:00"
"1361","179632","duplicate","122.02","COP","won","2026-07-04T06:54:46.5893804+00:00"
"1362","132497","service_not_received","25.5","COP","lost","2026-08-16T08:33:46.5893804+00:00"
"1363","65189","unauthorized","117.48","COP","open","2026-08-01T03:49:46.5893804+00:00"
"1364","66733","duplicate","132.55","USD","won","2026-07-17T09:03:46.5893804+00:00"
"1365","29978","fraud","147.54","COP","lost","2026-07-22T11:53:46.5893804+00:00"
"1366","147937","fraud","42.39","MXN","open","2026-06-26T07:16:46.5893804+00:00"
"1367","111183","duplicate","58.44","USD","lost","2026-07-06T11:44:46.5893804+00:00"
"1368","181913","duplicate","94.3","USD","lost","2026-07-28T21:11:46.5893804+00:00"
"1369","49483","fraud","118.14","MXN","open","2026-07-28T23:22:46.5893804+00:00"
"1370","177014","service_not_received","37.55","USD","open","2026-06-22T13:47:46.5893804+00:00"
"1371","248684","unauthorized","88.68","USD","open","2026-08-08T08:46:46.5913934+00:00"
"1372","249930","service_not_received","41.03","MXN","lost","2026-08-19T06:56:46.5913934+00:00"
"1373","97944","duplicate","58.49","USD","open","2026-07-03T21:04:46.5913934+00:00"
"1374","151671","service_not_received","67.33","USD","won","2026-08-15T06:24:46.5913934+00:00"
"1375","90915","fraud","34.36","COP","lost","2026-07-16T21:09:46.5913934+00:00"
"1376","173863","duplicate","93.55","MXN","open","2026-08-06T17:27:46.5913934+00:00"
"1377","28895","unauthorized","106.97","COP","won","2026-06-25T09:55:46.5913934+00:00"
"1378","43440","duplicate","93.99","MXN","lost","2026-08-15T18:14:46.5913934+00:00"
"1379","46076","duplicate","20.44","MXN","lost","2026-07-20T05:19:46.5913934+00:00"
"1380","120304","duplicate","78.72","COP","open","2026-07-30T16:45:46.5913934+00:00"
"1381","156320","service_not_received","28.51","MXN","won","2026-07-13T12:42:46.5913934+00:00"
"1382","243732","unauthorized","109.43","USD","lost","2026-08-08T10:31:46.5913934+00:00"
"1383","125476","service_not_received","51.64","MXN","open","2026-07-29T18:32:46.5913934+00:00"
"1384","135395","unauthorized","45.76","USD","won","2026-07-17T13:18:46.5913934+00:00"
"1385","126416","fraud","147.72","USD","lost","2026-07-28T03:35:46.5913934+00:00"
"1386","80154","service_not_received","96.92","COP","lost","2026-08-09T17:52:46.5913934+00:00"
"1387","29162","unauthorized","36.88","MXN","lost","2026-07-28T08:52:46.5913934+00:00"
"1388","207460","service_not_received","145.73","MXN","won","2026-06-24T14:44:46.5913934+00:00"
"1389","220069","unauthorized","119.34","COP","open","2026-08-06T23:02:46.5913934+00:00"
"1390","38288","unauthorized","48.52","MXN","lost","2026-08-15T19:46:46.5913934+00:00"
"1391","234326","unauthorized","22.08","MXN","open","2026-07-11T20:01:46.5913934+00:00"
"1392","226969","service_not_received","34.5","MXN","won","2026-08-19T10:46:46.5913934+00:00"
"1393","144003","fraud","143.67","COP","won","2026-08-07T13:15:46.5913934+00:00"
"1394","30133","fraud","48.9","USD","open","2026-06-29T02:23:46.5913934+00:00"
"1395","172506","service_not_received","89.95","MXN","lost","2026-07-17T13:55:46.5913934+00:00"
"1396","247057","service_not_received","122.52","MXN","open","2026-07-25T23:01:46.5913934+00:00"
"1397","130468","unauthorized","132.25","MXN","open","2026-06-23T15:25:46.5913934+00:00"
"1398","224407","fraud","63.69","USD","open","2026-07-12T15:06:46.5913934+00:00"
"1399","28723","duplicate","101.17","COP","won","2026-06-27T03:08:46.5913934+00:00"
"1400","23493","service_not_received","139.24","COP","won","2026-07-14T18:26:46.5913934+00:00"
"1401","92601","fraud","108.66","USD","lost","2026-08-15T00:24:46.5913934+00:00"
"1402","141865","unauthorized","70.29","MXN","open","2026-06-26T17:48:46.5934036+00:00"
"1403","140390","unauthorized","61.72","MXN","lost","2026-06-24T23:31:46.5934036+00:00"
"1404","83721","unauthorized","64.19","MXN","open","2026-08-02T07:51:46.5934036+00:00"
"1405","79429","service_not_received","129.7","USD","lost","2026-06-24T14:07:46.5934036+00:00"
"1406","193049","unauthorized","41.5","MXN","won","2026-06-20T18:57:46.5934036+00:00"
"1407","196453","service_not_received","28.45","MXN","open","2026-07-30T16:41:46.5934036+00:00"
"1408","114930","fraud","123.28","USD","lost","2026-08-02T22:53:46.5934036+00:00"
"1409","124913","fraud","45.95","MXN","open","2026-07-04T05:32:46.5934036+00:00"
"1410","166986","duplicate","121.21","COP","won","2026-08-12T11:48:46.5934036+00:00"
"1411","237678","fraud","93.81","MXN","open","2026-07-07T13:10:46.5934036+00:00"
"1412","170826","duplicate","106.86","COP","open","2026-06-22T07:39:46.5934036+00:00"
"1413","41062","unauthorized","16.99","USD","lost","2026-07-24T12:08:46.5934036+00:00"
"1414","34014","service_not_received","145.41","COP","won","2026-08-08T20:49:46.5934036+00:00"
"1415","218387","duplicate","30.68","MXN","won","2026-08-01T12:22:46.5934036+00:00"
"1416","3896","duplicate","117.63","MXN","open","2026-07-14T03:27:46.5934036+00:00"
"1417","248529","duplicate","100.41","COP","open","2026-06-25T00:39:46.5934036+00:00"
"1418","248474","service_not_received","48.84","MXN","lost","2026-08-02T04:39:46.5934036+00:00"
"1419","144385","duplicate","145.39","MXN","lost","2026-06-26T19:18:46.5934036+00:00"
"1420","209627","duplicate","45.86","MXN","won","2026-07-15T16:37:46.5934036+00:00"
"1421","4888","duplicate","127.09","USD","won","2026-08-11T08:11:46.5934036+00:00"
"1422","197686","service_not_received","75.48","USD","open","2026-07-18T14:26:46.5949811+00:00"
"1423","202907","duplicate","11.87","COP","won","2026-06-27T18:03:46.5949811+00:00"
"1424","109656","unauthorized","125.98","COP","won","2026-08-03T19:44:46.5949811+00:00"
"1425","153804","unauthorized","89.22","MXN","won","2026-08-03T16:43:46.5949811+00:00"
"1426","18061","fraud","131.03","USD","won","2026-07-01T19:52:46.5949811+00:00"
"1427","62957","service_not_received","91.27","MXN","won","2026-08-01T17:59:46.5949811+00:00"
"1428","81643","service_not_received","119.27","COP","open","2026-07-17T07:38:46.5949811+00:00"
"1429","200303","fraud","70.45","USD","lost","2026-07-17T09:36:46.5949811+00:00"
"1430","67743","service_not_received","94.54","MXN","lost","2026-06-30T22:31:46.5949811+00:00"
"1431","236415","service_not_received","76.66","USD","won","2026-07-21T18:49:46.5949811+00:00"
"1432","210737","duplicate","28.18","COP","won","2026-08-02T12:38:46.5949811+00:00"
"1433","164556","duplicate","51.14","USD","won","2026-07-13T07:28:46.5949811+00:00"
"1434","65813","fraud","22.39","COP","won","2026-08-02T11:39:46.5949811+00:00"
"1435","3808","fraud","116.56","COP","open","2026-08-02T19:50:46.5949811+00:00"
"1436","42726","fraud","63.14","MXN","won","2026-07-15T13:10:46.5949811+00:00"
"1437","121396","fraud","145.11","MXN","won","2026-07-27T08:49:46.5976833+00:00"
"1438","49017","unauthorized","122.47","MXN","won","2026-06-20T23:36:46.5976833+00:00"
"1439","57792","service_not_received","106.1","USD","won","2026-07-29T04:46:46.5976833+00:00"
"1440","117621","unauthorized","28.2","USD","open","2026-07-02T08:28:46.5976833+00:00"
"1441","232229","fraud","67.06","MXN","open","2026-07-18T15:32:46.5976833+00:00"
"1442","206389","duplicate","88.58","USD","won","2026-08-04T16:58:46.5976833+00:00"
"1443","111372","unauthorized","50.48","COP","lost","2026-07-03T05:02:46.5976833+00:00"
"1444","156066","service_not_received","30.45","MXN","open","2026-08-14T12:45:46.5976833+00:00"
"1445","125410","fraud","107.02","USD","won","2026-08-13T10:28:46.5976833+00:00"
"1446","155717","fraud","77.02","USD","lost","2026-08-05T17:55:46.5976833+00:00"
"1447","233","unauthorized","117.38","MXN","won","2026-07-16T21:01:46.5976833+00:00"
"1448","162477","duplicate","142.05","COP","won","2026-07-19T06:25:46.5976833+00:00"
"1449","77051","fraud","114.23","MXN","won","2026-07-04T00:49:46.5976833+00:00"
"1450","156572","service_not_received","23.78","COP","open","2026-07-26T07:45:46.5976833+00:00"
"1451","161897","unauthorized","78.5","USD","open","2026-07-03T17:12:46.5976833+00:00"
"1452","78126","service_not_received","87.52","USD","open","2026-07-22T09:03:46.5976833+00:00"
"1453","164878","unauthorized","116.47","MXN","won","2026-07-13T23:55:46.5976833+00:00"
"1454","83326","duplicate","111.23","COP","won","2026-06-19T19:55:46.5976833+00:00"
"1455","235852","service_not_received","19.69","MXN","open","2026-08-10T06:37:46.5976833+00:00"
"1456","63739","unauthorized","8.53","COP","open","2026-07-27T12:00:46.5976833+00:00"
"1457","71732","fraud","27.09","MXN","won","2026-07-04T18:06:46.5976833+00:00"
"1458","58746","duplicate","138.51","COP","open","2026-08-16T03:51:46.5976833+00:00"
"1459","172739","duplicate","50.37","MXN","won","2026-06-25T13:39:46.5976833+00:00"
"1460","86708","fraud","55.44","MXN","won","2026-07-06T15:12:46.5976833+00:00"
"1461","61125","service_not_received","88.32","MXN","lost","2026-07-30T01:58:46.5976833+00:00"
"1462","146729","fraud","32.09","COP","open","2026-07-18T03:58:46.5976833+00:00"
"1463","64158","service_not_received","46.3","COP","open","2026-07-15T21:47:46.5976833+00:00"
"1464","229773","service_not_received","30.22","MXN","won","2026-08-02T04:39:46.5976833+00:00"
"1465","58097","unauthorized","97.97","MXN","won","2026-08-11T04:49:46.5976833+00:00"
"1466","177006","fraud","9.98","USD","lost","2026-07-28T09:21:46.5976833+00:00"
"1467","180144","fraud","64.09","COP","won","2026-08-08T18:29:46.5976833+00:00"
"1468","201189","fraud","74.03","USD","open","2026-08-06T21:51:46.5976833+00:00"
"1469","140119","service_not_received","77.99","USD","lost","2026-08-15T23:03:46.5976833+00:00"
"1470","60201","unauthorized","29.17","COP","won","2026-07-23T00:36:46.5976833+00:00"
"1471","92638","duplicate","104.42","USD","lost","2026-07-12T15:05:46.5976833+00:00"
"1472","20746","unauthorized","98.94","USD","lost","2026-08-03T11:39:46.5976833+00:00"
"1473","82474","service_not_received","116.21","USD","lost","2026-08-18T17:30:46.5976833+00:00"
"1474","109788","duplicate","94.6","MXN","lost","2026-06-23T12:48:46.5976833+00:00"
"1475","136578","unauthorized","125.28","COP","won","2026-07-18T05:14:46.5976833+00:00"
"1476","154732","duplicate","31.23","COP","won","2026-07-24T05:11:46.5976833+00:00"
"1477","189969","service_not_received","94.57","COP","lost","2026-07-12T23:48:46.5976833+00:00"
"1478","107797","fraud","122.75","MXN","open","2026-07-17T15:01:46.5976833+00:00"
"1479","203730","duplicate","112.18","COP","won","2026-07-27T16:22:46.5976833+00:00"
"1480","76518","unauthorized","66.51","MXN","lost","2026-06-20T10:09:46.5976833+00:00"
"1481","213465","service_not_received","113.28","USD","open","2026-07-28T23:13:46.5976833+00:00"
"1482","58038","duplicate","60.21","MXN","lost","2026-06-28T18:06:46.5976833+00:00"
"1483","91231","fraud","21.28","USD","lost","2026-07-08T03:46:46.5976833+00:00"
"1484","171844","unauthorized","76.56","COP","open","2026-08-03T03:44:46.5976833+00:00"
"1485","189890","unauthorized","110.39","MXN","lost","2026-07-04T20:41:46.5976833+00:00"
"1486","154982","unauthorized","79.55","COP","lost","2026-07-21T14:42:46.6012264+00:00"
"1487","227551","duplicate","14.03","COP","lost","2026-08-11T09:00:46.6012264+00:00"
"1488","28367","duplicate","98.4","MXN","lost","2026-06-29T21:11:46.6015555+00:00"
"1489","235223","unauthorized","112.72","COP","open","2026-07-16T09:32:46.6015555+00:00"
"1490","52344","service_not_received","76.61","COP","open","2026-07-16T06:57:46.6015555+00:00"
"1491","190665","fraud","141.08","COP","open","2026-07-06T02:33:46.6015555+00:00"
"1492","118794","service_not_received","41.24","MXN","open","2026-07-30T01:22:46.6015555+00:00"
"1493","12378","service_not_received","9.11","USD","lost","2026-08-11T07:49:46.6015555+00:00"
"1494","26312","duplicate","89.91","USD","won","2026-07-23T16:36:46.6015555+00:00"
"1495","235815","duplicate","110.88","COP","lost","2026-06-23T21:57:46.6015555+00:00"
"1496","101101","fraud","70.53","MXN","open","2026-07-02T03:17:46.6015555+00:00"
"1497","8117","service_not_received","126.26","MXN","won","2026-07-28T04:32:46.6015555+00:00"
"1498","172390","service_not_received","109.27","COP","open","2026-07-31T17:07:46.6015555+00:00"
"1499","148253","service_not_received","79.33","MXN","won","2026-07-01T19:02:46.6015555+00:00"
"1500","194515","unauthorized","96.57","MXN","lost","2026-07-02T15:51:46.6015555+00:00"
"1501","226214","service_not_received","35.38","COP","won","2026-07-30T15:35:46.6015555+00:00"
"1502","238855","fraud","24.19","USD","open","2026-08-19T15:03:46.6015555+00:00"
"1503","41975","duplicate","143.64","MXN","open","2026-06-27T09:55:46.6015555+00:00"
"1504","196884","service_not_received","129.46","COP","lost","2026-06-26T17:16:46.6015555+00:00"
"1505","137243","duplicate","129.72","MXN","open","2026-08-19T05:54:46.6015555+00:00"
"1506","171155","unauthorized","107.4","MXN","won","2026-07-12T18:23:46.6015555+00:00"
"1507","190948","service_not_received","68.25","USD","lost","2026-07-24T16:07:46.6015555+00:00"
"1508","108944","unauthorized","29.16","COP","won","2026-07-31T21:05:46.6015555+00:00"
"1509","41032","fraud","113.46","COP","open","2026-07-13T16:00:46.6015555+00:00"
"1510","245445","service_not_received","139.26","MXN","open","2026-07-03T02:59:46.6015555+00:00"
"1511","200584","fraud","142.67","USD","won","2026-07-10T15:02:46.6015555+00:00"
"1512","98540","unauthorized","5.53","USD","lost","2026-07-16T21:47:46.6015555+00:00"
"1513","28708","service_not_received","53.45","MXN","lost","2026-08-12T01:01:46.6015555+00:00"
"1514","130261","duplicate","46.73","USD","won","2026-07-08T19:30:46.6015555+00:00"
"1515","96199","unauthorized","17.39","MXN","won","2026-07-13T00:40:46.6015555+00:00"
"1516","44553","service_not_received","63.23","USD","won","2026-06-27T08:43:46.6015555+00:00"
"1517","232634","service_not_received","38.23","MXN","won","2026-08-10T08:28:46.6015555+00:00"
"1518","112327","unauthorized","105.22","USD","won","2026-06-24T01:26:46.6015555+00:00"
"1519","238368","duplicate","112.36","COP","won","2026-07-28T15:40:46.6015555+00:00"
"1520","244995","unauthorized","40.35","USD","lost","2026-07-31T03:31:46.6015555+00:00"
"1521","238901","unauthorized","34.62","COP","won","2026-07-30T10:56:46.6015555+00:00"
"1522","171011","duplicate","142.64","MXN","lost","2026-07-21T13:54:46.6015555+00:00"
"1523","2800","service_not_received","57.74","USD","open","2026-07-21T16:36:46.6015555+00:00"
"1524","128244","service_not_received","86.08","MXN","lost","2026-08-14T17:02:46.6015555+00:00"
"1525","68422","fraud","34.91","MXN","lost","2026-07-10T09:32:46.6015555+00:00"
"1526","30924","service_not_received","28.79","USD","won","2026-07-21T02:40:46.6015555+00:00"
"1527","182676","unauthorized","37.81","USD","lost","2026-08-04T04:40:46.6015555+00:00"
"1528","219221","service_not_received","69.8","COP","lost","2026-07-13T08:33:46.6015555+00:00"
"1529","107361","unauthorized","44.82","COP","open","2026-07-15T03:48:46.6015555+00:00"
"1530","102325","service_not_received","26.46","MXN","open","2026-06-25T13:08:46.6015555+00:00"
"1531","38905","fraud","131.08","COP","lost","2026-06-23T12:09:46.6015555+00:00"
"1532","139755","service_not_received","99.85","USD","open","2026-07-15T19:39:46.6015555+00:00"
"1533","52548","service_not_received","96.54","MXN","open","2026-07-08T11:00:46.6015555+00:00"
"1534","113378","unauthorized","95.39","USD","open","2026-06-28T11:12:46.6015555+00:00"
"1535","128744","duplicate","86.23","COP","lost","2026-07-26T21:40:46.6015555+00:00"
"1536","158847","duplicate","50.24","MXN","lost","2026-07-22T12:18:46.6015555+00:00"
"1537","223715","service_not_received","65.34","COP","open","2026-07-18T20:42:46.6015555+00:00"
"1538","210150","service_not_received","73.82","COP","open","2026-06-20T18:28:46.6049435+00:00"
"1539","136651","service_not_received","85.73","COP","lost","2026-08-10T21:20:46.6049435+00:00"
"1540","195709","fraud","146.08","COP","won","2026-07-10T10:10:46.6049435+00:00"
"1541","181980","unauthorized","50.66","MXN","won","2026-07-24T23:10:46.6049435+00:00"
"1542","148062","fraud","131.28","USD","lost","2026-07-02T11:30:46.6049435+00:00"
"1543","88891","service_not_received","6.04","USD","lost","2026-07-28T19:24:46.6049435+00:00"
"1544","222169","service_not_received","146.22","USD","won","2026-06-27T14:59:46.6049435+00:00"
"1545","122862","duplicate","40.49","MXN","won","2026-07-24T11:02:46.6049435+00:00"
"1546","3077","service_not_received","34.28","COP","open","2026-07-05T17:10:46.6049435+00:00"
"1547","240542","duplicate","90.86","COP","won","2026-06-20T14:47:46.6049435+00:00"
"1548","229200","service_not_received","88.9","COP","won","2026-07-18T05:27:46.6049435+00:00"
"1549","11814","service_not_received","83.33","MXN","won","2026-07-12T15:14:46.6049435+00:00"
"1550","95607","unauthorized","37.05","MXN","open","2026-06-22T05:00:46.6049435+00:00"
"1551","164039","unauthorized","31.3","USD","open","2026-08-02T03:40:46.6049435+00:00"
"1552","100561","unauthorized","95.77","USD","lost","2026-07-27T23:41:46.6049435+00:00"
"1553","31555","duplicate","127.08","MXN","open","2026-07-19T05:50:46.6059554+00:00"
"1554","75065","service_not_received","61.23","COP","lost","2026-07-05T10:12:46.6059554+00:00"
"1555","15841","duplicate","35.68","MXN","won","2026-08-07T05:24:46.6059554+00:00"
"1556","46172","fraud","7.4","COP","open","2026-06-25T15:09:46.6059554+00:00"
"1557","49380","service_not_received","36.16","MXN","open","2026-06-23T17:01:46.6059554+00:00"
"1558","137508","unauthorized","141.64","MXN","lost","2026-07-05T22:30:46.6059554+00:00"
"1559","159210","service_not_received","10.27","MXN","open","2026-08-06T13:14:46.6059554+00:00"
"1560","13313","fraud","60.55","USD","won","2026-07-05T08:46:46.6059554+00:00"
"1561","153247","duplicate","89.53","USD","won","2026-07-15T21:01:46.6059554+00:00"
"1562","107622","fraud","136.75","MXN","open","2026-06-29T19:42:46.6059554+00:00"
"1563","78979","duplicate","11.83","MXN","lost","2026-07-12T19:11:46.6059554+00:00"
"1564","155645","duplicate","93.32","USD","won","2026-06-29T00:22:46.6059554+00:00"
"1565","133692","service_not_received","149.63","MXN","open","2026-07-08T13:05:46.6059554+00:00"
"1566","211736","unauthorized","7.13","USD","open","2026-07-12T23:56:46.6059554+00:00"
"1567","57813","unauthorized","124.63","USD","lost","2026-06-20T03:10:46.6059554+00:00"
"1568","131123","service_not_received","63.73","USD","lost","2026-07-02T01:34:46.6059554+00:00"
"1569","102731","fraud","145.06","COP","lost","2026-07-31T08:32:46.6059554+00:00"
"1570","55489","unauthorized","75.6","COP","won","2026-07-04T01:09:46.6059554+00:00"
"1571","152840","duplicate","122.02","MXN","open","2026-07-19T13:37:46.6059554+00:00"
"1572","7779","unauthorized","5.27","MXN","open","2026-06-26T14:06:46.6059554+00:00"
"1573","75530","duplicate","104.14","USD","won","2026-06-21T06:15:46.6059554+00:00"
"1574","157052","fraud","137.68","COP","won","2026-07-17T06:23:46.6059554+00:00"
"1575","237520","duplicate","96.29","MXN","lost","2026-06-20T02:16:46.6059554+00:00"
"1576","4856","duplicate","102.58","COP","open","2026-07-04T08:50:46.6059554+00:00"
"1577","216821","duplicate","102.42","USD","open","2026-07-23T07:31:46.6059554+00:00"
"1578","242760","unauthorized","147.53","COP","won","2026-07-28T14:40:46.6059554+00:00"
"1579","150611","fraud","90.6","COP","open","2026-07-18T14:50:46.6059554+00:00"
"1580","213414","unauthorized","31.73","USD","open","2026-07-15T02:18:46.6059554+00:00"
"1581","220891","service_not_received","129.76","USD","lost","2026-08-05T23:40:46.6059554+00:00"
"1582","14456","unauthorized","93.41","USD","open","2026-07-04T08:30:46.6059554+00:00"
"1583","91254","fraud","37.25","USD","open","2026-07-24T14:49:46.6059554+00:00"
"1584","88585","duplicate","51.54","USD","open","2026-08-13T07:46:46.6079735+00:00"
"1585","81412","fraud","139.19","USD","won","2026-06-21T01:47:46.6079735+00:00"
"1586","135233","fraud","125.62","USD","lost","2026-06-20T09:04:46.6079735+00:00"
"1587","124377","service_not_received","131.73","USD","won","2026-07-20T23:43:46.6079735+00:00"
"1588","130092","service_not_received","108.61","MXN","lost","2026-07-25T10:12:46.6079735+00:00"
"1589","161217","fraud","114.23","COP","lost","2026-08-03T12:47:46.6079735+00:00"
"1590","143905","unauthorized","84.79","USD","won","2026-07-02T05:48:46.6079735+00:00"
"1591","9885","fraud","119.02","COP","open","2026-08-05T15:19:46.6079735+00:00"
"1592","105742","duplicate","76.84","COP","open","2026-08-14T05:02:46.6079735+00:00"
"1593","217873","unauthorized","96.34","COP","open","2026-07-24T09:56:46.6079735+00:00"
"1594","94357","duplicate","82.47","MXN","lost","2026-07-12T19:26:46.6079735+00:00"
"1595","26396","duplicate","74.53","COP","won","2026-07-20T22:45:46.6079735+00:00"
"1596","47772","unauthorized","72","MXN","lost","2026-08-09T13:41:46.6079735+00:00"
"1597","91092","duplicate","34.71","COP","open","2026-07-07T13:33:46.6079735+00:00"
"1598","244433","service_not_received","57.84","COP","lost","2026-07-18T18:21:46.6079735+00:00"
"1599","157370","unauthorized","131.9","COP","won","2026-07-01T03:46:46.6079735+00:00"
"1600","40721","fraud","78.71","USD","lost","2026-06-26T05:57:46.6079735+00:00"
"1601","94212","fraud","27.13","MXN","won","2026-08-12T02:46:46.6079735+00:00"
"1602","60235","unauthorized","105.54","USD","open","2026-06-20T22:29:46.6079735+00:00"
"1603","2912","service_not_received","111.14","USD","open","2026-08-06T19:36:46.6079735+00:00"
"1604","227901","unauthorized","86","COP","open","2026-07-03T01:04:46.6079735+00:00"
"1605","31263","fraud","57.86","MXN","won","2026-07-27T06:39:46.6079735+00:00"
"1606","49384","duplicate","102.25","COP","open","2026-07-23T09:58:46.6079735+00:00"
"1607","126808","unauthorized","50.95","USD","open","2026-07-24T18:59:46.6079735+00:00"
"1608","45461","service_not_received","92.81","MXN","won","2026-07-12T11:42:46.6079735+00:00"
"1609","57194","service_not_received","140.32","COP","won","2026-08-16T08:32:46.6079735+00:00"
"1610","66026","fraud","123.53","COP","won","2026-08-12T05:42:46.6096751+00:00"
"1611","136001","duplicate","68.07","MXN","won","2026-07-29T17:28:46.6096751+00:00"
"1612","61720","fraud","72.6","COP","lost","2026-07-01T17:35:46.6096751+00:00"
"1613","77354","fraud","79.58","MXN","won","2026-07-31T02:43:46.6096751+00:00"
"1614","127809","service_not_received","11.85","COP","won","2026-08-13T01:06:46.6096751+00:00"
"1615","37919","fraud","12.7","USD","open","2026-07-01T16:16:46.6096751+00:00"
"1616","169987","fraud","108.39","MXN","won","2026-07-16T19:41:46.6096751+00:00"
"1617","72523","fraud","77.31","USD","won","2026-06-22T17:56:46.6102800+00:00"
"1618","199551","unauthorized","130.93","COP","open","2026-06-20T14:01:46.6102800+00:00"
"1619","137286","duplicate","93.88","MXN","lost","2026-07-05T06:39:46.6102800+00:00"
"1620","58097","service_not_received","124.87","USD","won","2026-08-09T19:12:46.6102800+00:00"
"1621","211069","service_not_received","98.02","MXN","won","2026-07-31T05:57:46.6102800+00:00"
"1622","49249","unauthorized","62.42","USD","lost","2026-08-07T01:28:46.6102800+00:00"
"1623","35329","service_not_received","131.47","USD","lost","2026-08-06T22:37:46.6102800+00:00"
"1624","216543","unauthorized","17.08","COP","open","2026-07-10T00:31:46.6102800+00:00"
"1625","36237","unauthorized","140.57","COP","won","2026-07-06T03:56:46.6102800+00:00"
"1626","241881","duplicate","68.73","COP","won","2026-08-09T03:08:46.6102800+00:00"
"1627","249868","fraud","25.49","USD","open","2026-07-10T15:31:46.6102800+00:00"
"1628","213096","fraud","76.84","MXN","open","2026-07-23T13:37:46.6102800+00:00"
"1629","46768","unauthorized","12.99","USD","open","2026-06-25T08:45:46.6111865+00:00"
"1630","7259","service_not_received","36.76","MXN","lost","2026-07-01T11:28:46.6111865+00:00"
"1631","101638","fraud","149.57","COP","won","2026-07-14T07:40:46.6111865+00:00"
"1632","223766","duplicate","128.49","USD","open","2026-06-23T16:38:46.6111865+00:00"
"1633","73456","unauthorized","111.5","MXN","open","2026-07-15T22:04:46.6111865+00:00"
"1634","202903","service_not_received","5.09","MXN","won","2026-07-21T20:07:46.6111865+00:00"
"1635","223922","unauthorized","35.43","USD","won","2026-08-11T15:35:46.6111865+00:00"
"1636","96479","service_not_received","22.92","COP","open","2026-08-15T12:03:46.6111865+00:00"
"1637","167034","service_not_received","41.1","COP","open","2026-07-14T02:19:46.6111865+00:00"
"1638","74606","unauthorized","27.68","COP","won","2026-07-06T14:44:46.6111865+00:00"
"1639","109130","unauthorized","57.68","MXN","lost","2026-07-02T15:00:46.6111865+00:00"
"1640","223797","fraud","35.58","MXN","won","2026-07-02T15:25:46.6111865+00:00"
"1641","138661","unauthorized","144.72","COP","open","2026-06-19T16:52:46.6140266+00:00"
"1642","61983","duplicate","133.79","MXN","lost","2026-08-05T16:30:46.6140266+00:00"
"1643","131401","service_not_received","82.27","USD","lost","2026-07-05T06:17:46.6140266+00:00"
"1644","156814","fraud","145.5","COP","won","2026-08-19T06:39:46.6140266+00:00"
"1645","220634","duplicate","39.4","COP","lost","2026-08-01T11:43:46.6140266+00:00"
"1646","206630","fraud","30.79","MXN","lost","2026-07-18T11:29:46.6140266+00:00"
"1647","43003","service_not_received","9.26","COP","open","2026-07-03T15:21:46.6140266+00:00"
"1648","125807","fraud","21.72","USD","open","2026-08-15T18:55:46.6140266+00:00"
"1649","240158","duplicate","100.35","MXN","lost","2026-08-02T18:56:46.6140266+00:00"
"1650","126147","fraud","67.33","MXN","won","2026-08-16T17:04:46.6140266+00:00"
"1651","228503","duplicate","113.27","COP","lost","2026-07-10T10:03:46.6140266+00:00"
"1652","96153","duplicate","34.75","COP","open","2026-08-16T06:23:46.6140266+00:00"
"1653","42060","unauthorized","61.14","MXN","lost","2026-07-12T23:15:46.6165424+00:00"
"1654","168620","unauthorized","38.7","USD","won","2026-07-26T10:42:46.6165424+00:00"
"1655","30402","fraud","36.73","COP","open","2026-08-15T09:52:46.6165424+00:00"
"1656","30672","service_not_received","30.94","MXN","open","2026-08-07T15:43:46.6165424+00:00"
"1657","172660","service_not_received","73.14","MXN","won","2026-07-24T10:52:46.6165424+00:00"
"1658","149709","unauthorized","28.06","USD","won","2026-08-13T21:10:46.6165424+00:00"
"1659","50058","service_not_received","85.94","USD","lost","2026-07-10T06:04:46.6165424+00:00"
"1660","167923","fraud","63.79","USD","won","2026-08-10T19:41:46.6165424+00:00"
"1661","192065","unauthorized","72.9","COP","lost","2026-07-13T20:29:46.6165424+00:00"
"1662","198970","unauthorized","25.18","MXN","lost","2026-08-13T20:08:46.6165424+00:00"
"1663","193711","fraud","55.62","USD","won","2026-06-27T02:08:46.6165424+00:00"
"1664","51616","duplicate","144.81","MXN","open","2026-06-25T19:42:46.6165424+00:00"
"1665","2704","service_not_received","63.46","MXN","won","2026-08-14T14:33:46.6165424+00:00"
"1666","235898","unauthorized","58.9","COP","won","2026-06-20T11:35:46.6165424+00:00"
"1667","59526","duplicate","85.14","USD","lost","2026-07-18T20:16:46.6165424+00:00"
"1668","49463","duplicate","73.49","MXN","won","2026-08-05T00:15:46.6165424+00:00"
"1669","13491","service_not_received","71.05","USD","lost","2026-08-06T06:29:46.6165424+00:00"
"1670","30140","service_not_received","59.58","COP","won","2026-07-10T04:56:46.6165424+00:00"
"1671","44829","duplicate","51.97","MXN","won","2026-07-13T00:40:46.6165424+00:00"
"1672","215756","service_not_received","69.62","USD","won","2026-07-18T16:27:46.6165424+00:00"
"1673","57309","duplicate","131.56","COP","won","2026-06-20T19:08:46.6165424+00:00"
"1674","245137","unauthorized","23.37","USD","open","2026-08-16T06:38:46.6165424+00:00"
"1675","237661","duplicate","59.28","USD","lost","2026-06-20T02:43:46.6165424+00:00"
"1676","6701","unauthorized","56.9","USD","lost","2026-08-06T14:33:46.6165424+00:00"
"1677","193457","service_not_received","83.27","USD","lost","2026-07-10T23:57:46.6165424+00:00"
"1678","124277","duplicate","102.86","MXN","won","2026-07-13T07:21:46.6165424+00:00"
"1679","26020","unauthorized","38.65","MXN","open","2026-07-05T21:55:46.6165424+00:00"
"1680","228435","duplicate","123.39","MXN","won","2026-07-08T09:24:46.6165424+00:00"
"1681","201779","service_not_received","45.1","MXN","won","2026-07-27T22:52:46.6187617+00:00"
"1682","142965","fraud","113.67","MXN","open","2026-08-13T17:44:46.6187617+00:00"
"1683","150621","service_not_received","16.78","COP","lost","2026-07-08T05:07:46.6187617+00:00"
"1684","221551","duplicate","21.38","MXN","lost","2026-08-13T01:22:46.6187617+00:00"
"1685","10418","unauthorized","101.52","COP","open","2026-06-26T09:26:46.6187617+00:00"
"1686","44990","unauthorized","119.95","COP","lost","2026-08-08T17:20:46.6187617+00:00"
"1687","122807","duplicate","145.89","USD","won","2026-07-25T22:03:46.6187617+00:00"
"1688","13073","fraud","89","USD","open","2026-07-27T04:42:46.6187617+00:00"
"1689","141718","unauthorized","88.47","MXN","won","2026-06-21T13:27:46.6187617+00:00"
"1690","65185","duplicate","102.47","USD","lost","2026-07-20T14:27:46.6187617+00:00"
"1691","95438","duplicate","130.71","MXN","open","2026-07-18T11:31:46.6187617+00:00"
"1692","32231","service_not_received","138.24","USD","open","2026-08-15T04:21:46.6187617+00:00"
"1693","117088","duplicate","64.12","USD","won","2026-07-19T06:38:46.6187617+00:00"
"1694","77562","duplicate","120.98","USD","lost","2026-07-06T11:36:46.6187617+00:00"
"1695","38575","unauthorized","125.68","COP","won","2026-08-18T09:08:46.6187617+00:00"
"1696","195934","unauthorized","45.29","COP","open","2026-06-20T06:58:46.6187617+00:00"
"1697","220455","unauthorized","89.46","MXN","open","2026-08-16T13:17:46.6187617+00:00"
"1698","218545","duplicate","23.41","COP","lost","2026-06-25T18:46:46.6187617+00:00"
"1699","88362","duplicate","142.67","MXN","open","2026-07-20T08:43:46.6187617+00:00"
"1700","1257","duplicate","39.24","MXN","open","2026-07-17T04:50:46.6187617+00:00"
"1701","215625","service_not_received","61.42","COP","open","2026-07-12T05:03:46.6187617+00:00"
"1702","185002","unauthorized","19.9","USD","lost","2026-07-23T08:17:46.6187617+00:00"
"1703","8957","unauthorized","78.79","COP","open","2026-06-22T17:46:46.6187617+00:00"
"1704","144246","fraud","87.7","COP","lost","2026-07-22T00:50:46.6187617+00:00"
"1705","222010","unauthorized","7.06","USD","won","2026-08-17T09:26:46.6187617+00:00"
"1706","221308","unauthorized","107.91","USD","won","2026-08-11T03:36:46.6187617+00:00"
"1707","21486","duplicate","94.74","MXN","open","2026-07-04T08:15:46.6187617+00:00"
"1708","168787","unauthorized","46.56","USD","open","2026-07-04T09:53:46.6187617+00:00"
"1709","83124","unauthorized","44.49","USD","won","2026-08-09T07:10:46.6187617+00:00"
"1710","157117","unauthorized","122.52","USD","open","2026-07-10T15:43:46.6187617+00:00"
"1711","150110","fraud","95.05","MXN","lost","2026-08-03T10:02:46.6187617+00:00"
"1712","126990","fraud","69.78","MXN","lost","2026-08-05T00:02:46.6187617+00:00"
"1713","141278","duplicate","142.34","MXN","lost","2026-07-24T13:15:46.6207746+00:00"
"1714","245587","service_not_received","110.6","USD","lost","2026-08-13T00:09:46.6207746+00:00"
"1715","249886","unauthorized","63.87","USD","open","2026-07-01T06:06:46.6207746+00:00"
"1716","122016","fraud","90.82","MXN","lost","2026-06-28T10:46:46.6207746+00:00"
"1717","28910","service_not_received","94.96","COP","lost","2026-07-27T02:00:46.6207746+00:00"
"1718","222824","service_not_received","74.83","USD","won","2026-08-17T12:45:46.6207746+00:00"
"1719","106351","duplicate","79.34","COP","lost","2026-07-11T16:25:46.6207746+00:00"
"1720","3666","unauthorized","23.17","COP","lost","2026-07-02T12:02:46.6207746+00:00"
"1721","94997","duplicate","25.24","USD","won","2026-06-27T08:33:46.6207746+00:00"
"1722","64176","fraud","27.13","MXN","won","2026-08-07T03:42:46.6207746+00:00"
"1723","246021","fraud","136.73","USD","won","2026-07-30T02:40:46.6207746+00:00"
"1724","180208","unauthorized","119.06","COP","open","2026-06-27T09:03:46.6207746+00:00"
"1725","128308","duplicate","127.7","USD","lost","2026-06-24T18:36:46.6207746+00:00"
"1726","32847","unauthorized","99.93","MXN","won","2026-07-18T06:20:46.6207746+00:00"
"1727","94822","service_not_received","110.17","MXN","lost","2026-06-25T22:07:46.6207746+00:00"
"1728","199573","service_not_received","83.62","MXN","open","2026-07-21T07:47:46.6207746+00:00"
"1729","234130","fraud","139.5","COP","won","2026-08-01T03:05:46.6217811+00:00"
"1730","69040","duplicate","28.17","MXN","lost","2026-06-22T15:58:46.6217811+00:00"
"1731","116843","unauthorized","69.45","MXN","open","2026-07-11T10:33:46.6217811+00:00"
"1732","145150","unauthorized","63.64","USD","won","2026-08-01T04:30:46.6217811+00:00"
"1733","137052","duplicate","99.99","MXN","won","2026-07-24T05:05:46.6217811+00:00"
"1734","27026","service_not_received","60.43","MXN","lost","2026-07-30T07:19:46.6217811+00:00"
"1735","156800","duplicate","25.9","USD","open","2026-07-04T10:52:46.6217811+00:00"
"1736","206824","duplicate","62.9","MXN","lost","2026-07-30T22:11:46.6217811+00:00"
"1737","223031","service_not_received","135.23","MXN","open","2026-07-14T02:07:46.6217811+00:00"
"1738","125377","duplicate","75.05","MXN","open","2026-07-07T19:55:46.6217811+00:00"
"1739","106477","service_not_received","94.65","USD","open","2026-07-29T01:22:46.6217811+00:00"
"1740","10724","duplicate","91.13","USD","open","2026-06-25T11:22:46.6217811+00:00"
"1741","231179","duplicate","96.53","USD","won","2026-06-21T03:08:46.6217811+00:00"
"1742","191395","fraud","94.44","MXN","open","2026-07-06T16:02:46.6217811+00:00"
"1743","111065","fraud","23.42","MXN","lost","2026-07-06T20:37:46.6217811+00:00"
"1744","221041","fraud","57.23","COP","open","2026-08-01T15:34:46.6217811+00:00"
"1745","51228","service_not_received","89.26","COP","open","2026-07-11T20:42:46.6217811+00:00"
"1746","3851","service_not_received","40.26","USD","lost","2026-06-22T03:50:46.6217811+00:00"
"1747","88772","duplicate","127.33","COP","lost","2026-06-30T13:57:46.6217811+00:00"
"1748","148781","fraud","55.95","USD","won","2026-07-13T15:41:46.6217811+00:00"
"1749","23221","fraud","70.95","MXN","open","2026-08-10T14:21:46.6217811+00:00"
"1750","83353","service_not_received","52.51","USD","won","2026-07-03T20:14:46.6217811+00:00"
"1751","149917","fraud","88.18","MXN","won","2026-08-10T20:47:46.6217811+00:00"
"1752","149561","duplicate","43.45","COP","open","2026-07-19T19:46:46.6217811+00:00"
"1753","141951","unauthorized","144.44","COP","won","2026-06-24T11:57:46.6217811+00:00"
"1754","101479","fraud","84.02","USD","won","2026-06-19T22:19:46.6217811+00:00"
"1755","67236","duplicate","109.85","MXN","open","2026-07-21T15:12:46.6217811+00:00"
"1756","57435","fraud","148.18","COP","lost","2026-08-15T03:19:46.6217811+00:00"
"1757","205257","unauthorized","83.31","COP","lost","2026-08-12T06:29:46.6217811+00:00"
"1758","217052","duplicate","24.35","MXN","won","2026-07-08T18:33:46.6217811+00:00"
"1759","155399","duplicate","108.48","COP","lost","2026-08-02T08:04:46.6217811+00:00"
"1760","191187","fraud","73.15","MXN","lost","2026-07-26T08:50:46.6217811+00:00"
"1761","127588","service_not_received","47.99","MXN","won","2026-08-16T16:00:46.6217811+00:00"
"1762","3316","fraud","106.21","COP","won","2026-07-14T07:37:46.6217811+00:00"
"1763","48100","duplicate","27.46","MXN","won","2026-07-10T14:37:46.6217811+00:00"
"1764","142919","duplicate","139.37","COP","won","2026-06-19T22:41:46.6217811+00:00"
"1765","15799","unauthorized","136.93","COP","won","2026-07-31T11:35:46.6217811+00:00"
"1766","97942","service_not_received","127.09","COP","won","2026-07-08T22:59:46.6217811+00:00"
"1767","157575","unauthorized","39.72","MXN","open","2026-06-28T16:19:46.6217811+00:00"
"1768","159067","unauthorized","149.6","COP","open","2026-08-05T04:08:46.6217811+00:00"
"1769","77755","fraud","92.83","MXN","lost","2026-07-21T12:17:46.6217811+00:00"
"1770","51781","service_not_received","14.92","COP","lost","2026-07-28T17:16:46.6217811+00:00"
"1771","180163","unauthorized","29.01","COP","lost","2026-08-09T10:57:46.6217811+00:00"
"1772","210050","fraud","40.75","MXN","open","2026-08-09T06:01:46.6217811+00:00"
"1773","13956","unauthorized","64.64","MXN","open","2026-08-08T05:01:46.6217811+00:00"
"1774","190340","duplicate","56.58","MXN","lost","2026-08-10T15:52:46.6217811+00:00"
"1775","201038","fraud","44.03","MXN","open","2026-07-03T10:01:46.6217811+00:00"
"1776","249886","duplicate","107.17","MXN","open","2026-07-18T03:08:46.6217811+00:00"
"1777","37004","unauthorized","113.24","USD","lost","2026-07-13T20:38:46.6217811+00:00"
"1778","65410","fraud","144.58","MXN","lost","2026-07-16T05:29:46.6217811+00:00"
"1779","13808","unauthorized","124.45","USD","lost","2026-08-16T14:53:46.6217811+00:00"
"1780","131827","duplicate","56.86","COP","won","2026-06-26T18:56:46.6217811+00:00"
"1781","199579","duplicate","78.53","COP","won","2026-06-20T07:57:46.6217811+00:00"
"1782","77911","service_not_received","21.33","USD","lost","2026-06-26T08:44:46.6217811+00:00"
"1783","240338","fraud","85.83","USD","lost","2026-07-29T14:05:46.6217811+00:00"
"1784","211257","duplicate","75.7","MXN","open","2026-08-13T14:47:46.6217811+00:00"
"1785","31199","service_not_received","89.87","MXN","open","2026-07-16T10:06:46.6217811+00:00"
"1786","150701","service_not_received","134.24","USD","lost","2026-08-18T05:32:46.6217811+00:00"
"1787","239245","unauthorized","110.57","MXN","open","2026-07-13T03:43:46.6217811+00:00"
"1788","51330","duplicate","7.62","COP","won","2026-07-07T16:58:46.6217811+00:00"
"1789","173364","service_not_received","139.48","USD","open","2026-06-30T07:46:46.6217811+00:00"
"1790","191261","service_not_received","103.95","USD","won","2026-06-22T12:20:46.6217811+00:00"
"1791","4306","unauthorized","107.03","USD","won","2026-07-15T14:39:46.6217811+00:00"
"1792","54080","fraud","46.64","MXN","won","2026-07-31T02:15:46.6217811+00:00"
"1793","161966","service_not_received","74.09","USD","open","2026-07-28T09:02:46.6268417+00:00"
"1794","142413","duplicate","105.57","COP","lost","2026-07-24T16:54:46.6268417+00:00"
"1795","73646","fraud","139.33","MXN","lost","2026-07-09T21:03:46.6268417+00:00"
"1796","167260","duplicate","130.87","USD","won","2026-07-06T19:43:46.6268417+00:00"
"1797","238913","unauthorized","69.59","COP","won","2026-06-24T22:31:46.6268417+00:00"
"1798","138114","service_not_received","112.09","USD","lost","2026-08-05T02:22:46.6268417+00:00"
"1799","43899","fraud","55.25","MXN","won","2026-06-25T17:10:46.6268417+00:00"
"1800","219269","duplicate","85.29","COP","won","2026-08-11T01:19:46.6268417+00:00"
"1801","122973","fraud","130.42","USD","lost","2026-08-07T21:46:46.6268417+00:00"
"1802","116154","duplicate","19.04","MXN","lost","2026-07-04T10:44:46.6268417+00:00"
"1803","209412","fraud","149.18","MXN","won","2026-07-21T15:06:46.6268417+00:00"
"1804","213493","duplicate","135.35","USD","won","2026-08-16T12:45:46.6268417+00:00"
"1805","244592","unauthorized","85.84","MXN","won","2026-07-24T20:11:46.6268417+00:00"
"1806","63292","unauthorized","134.21","USD","lost","2026-07-20T15:03:46.6268417+00:00"
"1807","38876","fraud","126.73","MXN","open","2026-08-14T05:09:46.6268417+00:00"
"1808","47901","unauthorized","49.15","MXN","open","2026-07-09T15:45:46.6268417+00:00"
"1809","33975","service_not_received","68.75","USD","open","2026-07-16T14:44:46.6268417+00:00"
"1810","66270","fraud","41.55","MXN","won","2026-06-23T09:48:46.6268417+00:00"
"1811","97995","unauthorized","142.68","USD","open","2026-07-07T09:16:46.6268417+00:00"
"1812","103189","service_not_received","70.92","MXN","open","2026-08-01T23:35:46.6268417+00:00"
"1813","231275","duplicate","146.52","USD","open","2026-08-16T18:34:46.6268417+00:00"
"1814","17945","duplicate","28.3","USD","lost","2026-08-16T06:55:46.6268417+00:00"
"1815","136227","unauthorized","23.81","MXN","lost","2026-07-01T11:44:46.6295415+00:00"
"1816","104018","service_not_received","94.91","MXN","open","2026-07-21T08:11:46.6295415+00:00"
"1817","82100","service_not_received","75.94","USD","lost","2026-08-11T09:48:46.6295415+00:00"
"1818","221014","duplicate","27.71","COP","won","2026-08-11T14:48:46.6295415+00:00"
"1819","36146","fraud","8.65","USD","open","2026-08-08T20:02:46.6295415+00:00"
"1820","70027","service_not_received","106.39","MXN","won","2026-08-04T04:34:46.6295415+00:00"
"1821","30405","fraud","121.47","USD","won","2026-08-02T09:46:46.6295415+00:00"
"1822","165130","unauthorized","95.51","MXN","won","2026-07-25T19:53:46.6295415+00:00"
"1823","123987","duplicate","79.03","COP","won","2026-08-10T21:00:46.6295415+00:00"
"1824","205056","duplicate","126.37","MXN","won","2026-07-02T17:31:46.6295415+00:00"
"1825","221828","service_not_received","101.99","MXN","open","2026-06-25T21:18:46.6295415+00:00"
"1826","231256","service_not_received","78.06","MXN","won","2026-07-21T04:17:46.6295415+00:00"
"1827","174523","duplicate","7.31","USD","lost","2026-07-16T12:10:46.6295415+00:00"
"1828","92690","service_not_received","54.66","USD","won","2026-06-26T17:17:46.6295415+00:00"
"1829","206228","unauthorized","74.02","USD","lost","2026-07-20T17:33:46.6295415+00:00"
"1830","122709","service_not_received","147.38","COP","won","2026-07-25T01:50:46.6295415+00:00"
"1831","224841","unauthorized","108.07","USD","lost","2026-07-01T18:50:46.6295415+00:00"
"1832","109372","service_not_received","5.16","COP","won","2026-07-15T07:06:46.6295415+00:00"
"1833","167877","service_not_received","86.85","MXN","open","2026-07-27T12:57:46.6315549+00:00"
"1834","118061","duplicate","99.69","USD","won","2026-08-01T07:13:46.6322252+00:00"
"1835","13160","fraud","49","MXN","open","2026-06-24T14:08:46.6322252+00:00"
"1836","22615","fraud","98.31","USD","won","2026-08-03T14:15:46.6322252+00:00"
"1837","64500","unauthorized","28.37","USD","lost","2026-08-17T08:39:46.6322252+00:00"
"1838","208307","service_not_received","85.38","MXN","open","2026-06-30T23:01:46.6322252+00:00"
"1839","82809","fraud","96.14","MXN","open","2026-06-24T18:25:46.6322252+00:00"
"1840","126202","service_not_received","73.68","COP","lost","2026-08-14T22:57:46.6322252+00:00"
"1841","88613","service_not_received","124.27","MXN","open","2026-07-30T14:08:46.6322252+00:00"
"1842","174044","unauthorized","100.06","MXN","won","2026-07-03T19:53:46.6322252+00:00"
"1843","105537","service_not_received","110.05","MXN","won","2026-07-19T00:49:46.6322252+00:00"
"1844","9497","duplicate","78.24","USD","won","2026-07-22T21:24:46.6322252+00:00"
"1845","194618","duplicate","149.7","MXN","lost","2026-08-15T15:10:46.6322252+00:00"
"1846","242857","service_not_received","126.79","MXN","open","2026-08-05T07:25:46.6322252+00:00"
"1847","166960","fraud","68.17","USD","won","2026-08-02T02:19:46.6322252+00:00"
"1848","23580","duplicate","94.67","COP","lost","2026-07-04T05:55:46.6322252+00:00"
"1849","7350","unauthorized","132.89","USD","lost","2026-07-22T09:49:46.6322252+00:00"
"1850","125259","service_not_received","71.69","USD","lost","2026-08-09T13:21:46.6322252+00:00"
"1851","11412","unauthorized","99.46","MXN","open","2026-07-19T06:40:46.6322252+00:00"
"1852","194729","fraud","50.97","MXN","won","2026-08-02T12:57:46.6322252+00:00"
"1853","38623","service_not_received","70.12","MXN","won","2026-07-28T16:57:46.6322252+00:00"
"1854","230634","fraud","112.43","MXN","lost","2026-07-17T12:14:46.6322252+00:00"
"1855","95524","unauthorized","102.75","USD","open","2026-08-14T10:39:46.6322252+00:00"
"1856","123455","duplicate","40.68","MXN","open","2026-07-03T18:56:46.6322252+00:00"
"1857","146210","duplicate","131.43","USD","lost","2026-07-06T04:28:46.6322252+00:00"
"1858","198523","duplicate","68.53","COP","lost","2026-07-02T00:55:46.6322252+00:00"
"1859","2572","duplicate","24.99","MXN","won","2026-08-15T14:06:46.6322252+00:00"
"1860","96779","unauthorized","130.02","COP","open","2026-07-28T15:00:46.6322252+00:00"
"1861","51503","service_not_received","9.51","MXN","lost","2026-08-15T10:31:46.6322252+00:00"
"1862","88210","unauthorized","45.26","COP","won","2026-08-01T22:27:46.6322252+00:00"
"1863","184660","fraud","91.05","COP","won","2026-08-05T01:39:46.6322252+00:00"
"1864","40231","unauthorized","105.22","COP","lost","2026-07-20T01:44:46.6322252+00:00"
"1865","96512","duplicate","110.21","USD","lost","2026-08-15T02:13:46.6322252+00:00"
"1866","43459","duplicate","47.81","MXN","lost","2026-07-25T07:03:46.6322252+00:00"
"1867","53974","fraud","36.24","USD","lost","2026-08-01T02:11:46.6322252+00:00"
"1868","228498","service_not_received","65.42","COP","won","2026-07-23T21:19:46.6322252+00:00"
"1869","93946","unauthorized","45.82","MXN","won","2026-07-21T17:30:46.6322252+00:00"
"1870","111025","service_not_received","89.68","USD","lost","2026-06-20T23:25:46.6322252+00:00"
"1871","102971","service_not_received","85.9","COP","open","2026-07-19T01:04:46.6322252+00:00"
"1872","182400","unauthorized","54.92","USD","won","2026-07-07T02:25:46.6322252+00:00"
"1873","180487","duplicate","42.46","COP","open","2026-08-18T02:25:46.6322252+00:00"
"1874","52583","service_not_received","98.73","USD","lost","2026-07-25T15:13:46.6322252+00:00"
"1875","205471","service_not_received","69.62","COP","lost","2026-08-16T02:17:46.6322252+00:00"
"1876","50016","fraud","99.86","COP","open","2026-07-06T16:25:46.6322252+00:00"
"1877","26889","unauthorized","63.83","MXN","lost","2026-07-05T01:46:46.6322252+00:00"
"1878","10455","unauthorized","78.5","COP","lost","2026-07-18T07:51:46.6322252+00:00"
"1879","182424","duplicate","64.49","COP","open","2026-07-03T19:29:46.6322252+00:00"
"1880","221716","duplicate","113.77","COP","won","2026-07-05T01:40:46.6322252+00:00"
"1881","139210","unauthorized","6.25","COP","open","2026-07-18T11:05:46.6322252+00:00"
"1882","22160","fraud","114.44","USD","won","2026-06-30T15:30:46.6322252+00:00"
"1883","208013","duplicate","15.38","COP","open","2026-08-18T04:48:46.6322252+00:00"
"1884","249505","service_not_received","93.22","USD","open","2026-07-11T15:52:46.6322252+00:00"
"1885","46238","fraud","30.62","COP","won","2026-07-20T08:58:46.6322252+00:00"
"1886","45620","duplicate","134.37","USD","lost","2026-07-03T14:06:46.6322252+00:00"
"1887","96460","fraud","21.51","USD","lost","2026-06-25T11:37:46.6322252+00:00"
"1888","109261","service_not_received","131.17","USD","lost","2026-06-26T14:43:46.6322252+00:00"
"1889","5033","duplicate","133.65","MXN","won","2026-08-16T12:49:46.6322252+00:00"
"1890","9703","unauthorized","82.69","COP","open","2026-08-04T07:56:46.6322252+00:00"
"1891","153768","service_not_received","141.24","COP","won","2026-08-19T01:53:46.6322252+00:00"
"1892","205123","service_not_received","79.61","COP","won","2026-08-18T09:52:46.6322252+00:00"
"1893","69305","duplicate","32.72","MXN","lost","2026-07-15T06:50:46.6322252+00:00"
"1894","236839","unauthorized","147.59","COP","won","2026-08-06T06:59:46.6322252+00:00"
"1895","75406","service_not_received","100.49","MXN","lost","2026-08-10T19:09:46.6322252+00:00"
"1896","208249","service_not_received","108.61","USD","won","2026-08-03T00:09:46.6322252+00:00"
"1897","149713","duplicate","104.37","COP","open","2026-07-01T09:08:46.6322252+00:00"
"1898","34212","service_not_received","145.76","COP","open","2026-06-29T18:34:46.6322252+00:00"
"1899","55868","duplicate","87.61","COP","won","2026-06-26T09:02:46.6322252+00:00"
"1900","135050","fraud","107.82","USD","lost","2026-07-25T20:29:46.6322252+00:00"
"1901","17988","unauthorized","34.07","USD","won","2026-07-05T13:40:46.6322252+00:00"
"1902","81610","service_not_received","39.6","MXN","open","2026-08-09T17:09:46.6322252+00:00"
"1903","175302","fraud","119.37","USD","lost","2026-07-06T00:28:46.6322252+00:00"
"1904","230749","service_not_received","24.6","COP","open","2026-08-17T12:25:46.6322252+00:00"
"1905","203592","duplicate","103.79","USD","won","2026-07-02T14:40:46.6322252+00:00"
"1906","58938","fraud","99.09","COP","won","2026-06-20T17:46:46.6322252+00:00"
"1907","48548","service_not_received","89.48","COP","won","2026-07-13T16:49:46.6322252+00:00"
"1908","83279","service_not_received","33.6","COP","won","2026-08-07T06:52:46.6322252+00:00"
"1909","118770","service_not_received","82.71","COP","won","2026-06-24T06:15:46.6322252+00:00"
"1910","18373","duplicate","144.74","MXN","open","2026-06-26T15:13:46.6322252+00:00"
"1911","150030","unauthorized","106.05","MXN","won","2026-07-26T12:56:46.6322252+00:00"
"1912","76554","duplicate","109.28","USD","won","2026-08-15T19:08:46.6322252+00:00"
"1913","173051","duplicate","43.34","USD","won","2026-08-14T18:54:46.6322252+00:00"
"1914","79455","service_not_received","103.1","USD","won","2026-07-28T09:44:46.6322252+00:00"
"1915","115487","duplicate","61.29","COP","won","2026-06-19T21:05:46.6322252+00:00"
"1916","93132","duplicate","89.05","USD","open","2026-08-04T09:09:46.6322252+00:00"
"1917","105568","unauthorized","139.12","COP","won","2026-06-27T03:38:46.6322252+00:00"
"1918","210719","duplicate","17.1","COP","lost","2026-06-30T01:13:46.6322252+00:00"
"1919","21122","duplicate","100.95","MXN","lost","2026-08-18T03:27:46.6322252+00:00"
"1920","134654","fraud","119.2","USD","won","2026-07-03T15:06:46.6322252+00:00"
"1921","86272","service_not_received","133.17","COP","won","2026-07-17T20:35:46.6322252+00:00"
"1922","186790","unauthorized","6.31","USD","lost","2026-08-17T07:36:46.6322252+00:00"
"1923","181007","service_not_received","12.15","COP","won","2026-06-20T07:46:46.6322252+00:00"
"1924","108447","fraud","31.14","MXN","open","2026-07-27T15:05:46.6322252+00:00"
"1925","97421","fraud","69.57","USD","lost","2026-06-25T04:37:46.6322252+00:00"
"1926","122596","fraud","90.76","COP","open","2026-07-23T20:39:46.6322252+00:00"
"1927","213493","fraud","63.33","COP","lost","2026-08-12T04:48:46.6322252+00:00"
"1928","80822","duplicate","42","USD","won","2026-07-29T04:47:46.6322252+00:00"
"1929","203684","unauthorized","105.06","COP","won","2026-08-03T01:20:46.6322252+00:00"
"1930","35584","service_not_received","68.4","MXN","won","2026-07-18T08:09:46.6322252+00:00"
"1931","103958","service_not_received","90.18","COP","lost","2026-08-08T07:53:46.6322252+00:00"
"1932","141338","fraud","112.57","MXN","won","2026-08-03T12:01:46.6322252+00:00"
"1933","146719","fraud","5.11","USD","lost","2026-06-23T18:35:46.6322252+00:00"
"1934","155981","service_not_received","107.47","USD","lost","2026-06-22T16:22:46.6322252+00:00"
"1935","29819","fraud","122","COP","lost","2026-07-12T06:32:46.6395332+00:00"
"1936","149607","duplicate","50.25","MXN","won","2026-08-09T11:17:46.6395332+00:00"
"1937","78470","duplicate","140.22","USD","won","2026-08-02T09:40:46.6395332+00:00"
"1938","190848","fraud","38.43","MXN","won","2026-08-12T01:32:46.6395332+00:00"
"1939","29712","unauthorized","52.45","MXN","won","2026-07-20T07:13:46.6395332+00:00"
"1940","207281","duplicate","74.77","USD","won","2026-07-26T14:42:46.6395332+00:00"
"1941","101322","unauthorized","136.79","MXN","open","2026-07-02T09:20:46.6395332+00:00"
"1942","244819","duplicate","138.02","COP","won","2026-06-20T12:41:46.6395332+00:00"
"1943","207522","service_not_received","60.94","MXN","lost","2026-07-03T06:21:46.6400680+00:00"
"1944","233383","unauthorized","54.6","USD","lost","2026-06-21T18:48:46.6400680+00:00"
"1945","241158","unauthorized","148.58","MXN","open","2026-08-07T01:50:46.6400680+00:00"
"1946","167303","service_not_received","65.75","USD","won","2026-07-13T02:20:46.6400680+00:00"
"1947","60982","fraud","75.73","COP","open","2026-07-23T01:32:46.6400680+00:00"
"1948","110044","fraud","69.73","USD","won","2026-08-12T16:08:46.6400680+00:00"
"1949","110119","service_not_received","120.07","MXN","open","2026-07-21T09:32:46.6400680+00:00"
"1950","17661","fraud","138.56","MXN","won","2026-08-04T10:50:46.6400680+00:00"
"1951","109994","service_not_received","135.65","COP","won","2026-06-23T08:39:46.6400680+00:00"
"1952","38666","duplicate","34.99","USD","lost","2026-07-13T19:37:46.6400680+00:00"
"1953","121199","duplicate","108.06","USD","lost","2026-06-24T20:24:46.6400680+00:00"
"1954","183715","unauthorized","129.08","COP","won","2026-08-02T09:58:46.6400680+00:00"
"1955","222027","fraud","89.85","COP","open","2026-08-07T02:40:46.6400680+00:00"
"1956","57824","duplicate","74.45","MXN","open","2026-08-09T19:41:46.6400680+00:00"
"1957","47897","duplicate","128.82","COP","won","2026-08-08T03:38:46.6400680+00:00"
"1958","171729","fraud","15.7","MXN","open","2026-07-27T16:17:46.6400680+00:00"
"1959","22745","fraud","36.86","MXN","open","2026-06-24T08:53:46.6400680+00:00"
"1960","206763","fraud","120.51","MXN","won","2026-08-09T04:35:46.6400680+00:00"
"1961","2226","duplicate","116.55","USD","won","2026-08-01T00:27:46.6400680+00:00"
"1962","153892","fraud","42.04","USD","open","2026-06-21T06:18:46.6400680+00:00"
"1963","76464","service_not_received","85.46","USD","lost","2026-08-06T04:54:46.6400680+00:00"
"1964","17403","service_not_received","25.23","USD","won","2026-06-21T13:39:46.6400680+00:00"
"1965","167770","duplicate","90.23","COP","won","2026-06-30T05:22:46.6400680+00:00"
"1966","89915","service_not_received","8.54","COP","lost","2026-08-06T12:18:46.6400680+00:00"
"1967","206014","unauthorized","37.96","COP","won","2026-08-07T00:22:46.6400680+00:00"
"1968","225976","service_not_received","16.93","COP","open","2026-07-30T08:31:46.6400680+00:00"
"1969","238553","service_not_received","64.72","MXN","won","2026-07-09T09:41:46.6400680+00:00"
"1970","38645","unauthorized","136.54","MXN","open","2026-07-19T01:19:46.6400680+00:00"
"1971","107828","duplicate","76.47","MXN","lost","2026-08-02T18:42:46.6400680+00:00"
"1972","216018","unauthorized","122.99","USD","lost","2026-07-14T02:08:46.6400680+00:00"
"1973","52020","duplicate","149.66","COP","lost","2026-07-19T05:01:46.6400680+00:00"
"1974","169184","service_not_received","102.42","COP","open","2026-08-06T01:47:46.6400680+00:00"
"1975","228833","fraud","65.65","COP","lost","2026-06-27T18:29:46.6400680+00:00"
"1976","215174","unauthorized","116.68","MXN","lost","2026-08-09T22:36:46.6400680+00:00"
"1977","36433","unauthorized","35.95","COP","won","2026-07-10T15:14:46.6400680+00:00"
"1978","199980","duplicate","117.77","COP","won","2026-08-18T12:30:46.6400680+00:00"
"1979","49959","duplicate","31.12","MXN","open","2026-07-06T11:48:46.6400680+00:00"
"1980","122069","duplicate","14.51","COP","lost","2026-06-26T09:39:46.6400680+00:00"
"1981","2403","fraud","107.86","MXN","lost","2026-07-02T19:54:46.6400680+00:00"
"1982","54275","duplicate","17.29","MXN","open","2026-06-26T14:20:46.6400680+00:00"
"1983","196244","fraud","60.51","MXN","lost","2026-08-05T07:45:46.6400680+00:00"
"1984","177266","unauthorized","51.76","USD","won","2026-08-10T11:15:46.6400680+00:00"
"1985","16727","duplicate","148.59","MXN","open","2026-07-05T00:45:46.6400680+00:00"
"1986","142728","unauthorized","46.29","COP","won","2026-07-09T09:34:46.6400680+00:00"
"1987","59769","fraud","17.11","MXN","won","2026-06-29T03:23:46.6400680+00:00"
"1988","185934","duplicate","107.33","USD","won","2026-07-11T01:06:46.6400680+00:00"
"1989","79263","fraud","67.47","COP","lost","2026-07-14T04:07:46.6400680+00:00"
"1990","117102","unauthorized","130.18","USD","lost","2026-07-07T22:08:46.6400680+00:00"
"1991","147020","service_not_received","145.19","MXN","open","2026-07-16T06:56:46.6400680+00:00"
"1992","183894","fraud","112.49","USD","open","2026-07-18T17:14:46.6400680+00:00"
"1993","69212","fraud","58.21","MXN","open","2026-07-21T23:31:46.6400680+00:00"
"1994","181727","fraud","27.12","MXN","lost","2026-07-21T21:06:46.6400680+00:00"
"1995","136522","service_not_received","84.78","COP","lost","2026-08-01T16:24:46.6400680+00:00"
"1996","198557","fraud","16.33","COP","lost","2026-07-20T16:12:46.6400680+00:00"
"1997","4991","unauthorized","117.77","COP","open","2026-08-01T22:02:46.6400680+00:00"
"1998","9966","duplicate","97.26","USD","won","2026-06-29T10:54:46.6400680+00:00"
"1999","98154","service_not_received","73.72","MXN","lost","2026-08-06T10:10:46.6400680+00:00"
"2000","58542","service_not_received","103.09","USD","won","2026-08-18T20:55:46.6400680+00:00"
